[INFO] [launch]: All log files can be found below /home/user/.ros/log/2026-03-29-17-51-33-536049-PC-34713
[INFO] [launch]: Default logging verbosity is set to INFO
[INFO] [launch.user]: [bringup] use_fake_hardware=false, backend_mode=real, joint_mapping_path=/home/user/robot_arm_platform/ros2_ws/install/robot_arm_model_4338/share/robot_arm_model_4338/config/joint_mapping.example.yaml, auto_enable_on_activate=false, auto_enable_delay_sec=1.0, source_xacro=/home/user/robot_arm_platform/ros2_ws/install/robot_arm_moveit_config_4338/share/robot_arm_moveit_config_4338/config/robot_arm.urdf.xacro, expected_plugin=robot_arm_hardware_system/RobotArmHardwareSystem, final_plugin=robot_arm_hardware_system/RobotArmHardwareSystem
[INFO] [robot_state_publisher-1]: process started with pid [34720]
[INFO] [ros2_control_node-2]: process started with pid [34721]
[INFO] [spawner-3]: process started with pid [34722]
[INFO] [spawner-4]: process started with pid [34723]
[INFO] [hardware_control_services-5]: process started with pid [34724]
[INFO] [ros_control_entry_server-6]: process started with pid [34725]
[INFO] [mock_api_server-7]: process started with pid [34726]
[robot_state_publisher-1] [INFO] [1774777893.765074016] [robot_state_publisher]: Robot initialized
[ros2_control_node-2] [INFO] [1774777893.766840638] [controller_manager]: Using Steady (Monotonic) clock for triggering controller manager cycles.
[ros2_control_node-2] [INFO] [1774777893.768876078] [controller_manager]: Subscribing to '/robot_description' topic for robot description.
[ros2_control_node-2] [INFO] [1774777893.770110835] [controller_manager]: update rate is 100 Hz
[ros2_control_node-2] [INFO] [1774777893.770128976] [controller_manager]: Overruns handling is : enabled
[ros2_control_node-2] [INFO] [1774777893.770132136] [controller_manager]: Spawning controller_manager RT thread with scheduler priority: 50
[ros2_control_node-2] [WARN] [1774777893.770170207] [controller_manager]: Could not enable FIFO RT scheduling policy: with error number <1>(Operation not permitted). See [https://control.ros.org/master/doc/ros2_control/controller_manager/doc/userdoc.html] for details on how to enable realtime scheduling.
[ros2_control_node-2] [INFO] [1774777893.779197073] [controller_manager]: Received robot description from topic.
[ros2_control_node-2] [INFO] [1774777893.780885733] [controller_manager]: Loading hardware 'RobotArmSystem' 
[ros2_control_node-2] [INFO] [1774777893.781848302] [controller_manager]: Loaded hardware 'RobotArmSystem' from plugin 'robot_arm_hardware_system/RobotArmHardwareSystem'
[ros2_control_node-2] [INFO] [1774777893.781916324] [controller_manager]: Initialize hardware 'RobotArmSystem' 
[ros2_control_node-2] [INFO] [1774777893.784582192] [RobotArmHardwareSystem]: on_init: begin
[ros2_control_node-2] [INFO] [1774777893.784753197] [RobotArmHardwareSystem]: on_init: success backend_mode=real mapping=/home/user/robot_arm_platform/ros2_ws/install/robot_arm_model_4338/share/robot_arm_model_4338/config/joint_mapping.example.yaml joints=6
[ros2_control_node-2] [INFO] [1774777893.784757978] [RobotArmHardwareSystem]: on_init: auto_enable_on_activate=false auto_enable_delay_sec=1.000
[ros2_control_node-2] [INFO] [1774777893.784771718] [controller_manager]: Successful initialization of hardware 'RobotArmSystem'
[ros2_control_node-2] [INFO] [1774777893.785072217] [resource_manager]: 'configure' hardware 'RobotArmSystem' 
[ros2_control_node-2] [INFO] [1774777893.785078507] [RobotArmHardwareSystem]: on_configure: begin
[ros2_control_node-2] [INFO] [1774777893.785566932] [RealMixedRobotBackend]: HIGHTORQUE_MIT2_CONFIG joint=joint_1 model=M4438_30 kp=25.000 kd=1.500 tqe_nm=0.000 max_vel_rps=2.000 vel_lpf_alpha=0.200 period_ms=20
[ros2_control_node-2] [INFO] [1774777893.785585482] [RealMixedRobotBackend]: HIGHTORQUE_MIT2_CONFIG joint=joint_3 model=M4438_30 kp=25.000 kd=1.500 tqe_nm=0.000 max_vel_rps=2.000 vel_lpf_alpha=0.200 period_ms=20
[ros2_control_node-2] [INFO] [1774777893.785590812] [RealMixedRobotBackend]: HIGHTORQUE_MIT2_CONFIG joint=joint_4 model=M4438_30 kp=25.000 kd=1.500 tqe_nm=0.000 max_vel_rps=2.000 vel_lpf_alpha=0.200 period_ms=20
[ros2_control_node-2] [INFO] [1774777893.785595562] [RealMixedRobotBackend]: HIGHTORQUE_MIT2_CONFIG joint=joint_5 model=M4438_30 kp=25.000 kd=1.500 tqe_nm=0.000 max_vel_rps=2.000 vel_lpf_alpha=0.200 period_ms=20
[ros2_control_node-2] [INFO] [1774777893.785602253] [RealMixedRobotBackend]: HIGHTORQUE_MIT2_CONFIG joint=joint_6 model=M4438_30 kp=25.000 kd=1.500 tqe_nm=0.000 max_vel_rps=2.000 vel_lpf_alpha=0.200 period_ms=20
[ros2_control_node-2] [INFO] [1774777893.785605343] [RealMixedRobotBackend]: HIGHTORQUE_COMMAND_FAMILY=official_mit2_int32 POSITION_HOLD=enabled (continuous official MIT2 int32 servo writer)
[ros2_control_node-2] [INFO] [1774777893.785608103] [RealMixedRobotBackend]: configure: hightorque debug_single_joint=false debug_joint_name=joint_1
[ros2_control_node-2] [INFO] [1774777893.789054935] [RobotArmHardwareSystem]: on_configure: success
[ros2_control_node-2] [INFO] [1774777893.789065865] [resource_manager]: Successful 'configure' of hardware 'RobotArmSystem'
[ros2_control_node-2] [INFO] [1774777893.789073995] [resource_manager]: 'activate' hardware 'RobotArmSystem' 
[ros2_control_node-2] [INFO] [1774777893.789078615] [RobotArmHardwareSystem]: on_activate: begin
[ros2_control_node-2] [INFO] [1774777893.789081366] [RealMixedRobotBackend]: discover_joints: begin
[ros2_control_node-2] [INFO] [1774777893.789813197] [RealMixedRobotBackend]: [Hightorque] termios before: ICANON=0 ECHO=0 ECHONL=0 ISIG=0 IEXTEN=0 ICRNL=0 INLCR=0 IGNCR=0 IXON=0 IXOFF=0 IXANY=0 OPOST=0 PARENB=0 CSTOPB=0 CSIZE=0x30 CS8=1 CRTSCTS=0 VMIN=0 VTIME=0
[ros2_control_node-2] [INFO] [1774777893.789826817] [RealMixedRobotBackend]: [Hightorque] termios after: ICANON=0 ECHO=0 ECHONL=0 ISIG=0 IEXTEN=0 ICRNL=0 INLCR=0 IGNCR=0 IXON=0 IXOFF=0 IXANY=0 OPOST=0 PARENB=0 CSTOPB=0 CSIZE=0x30 CS8=1 CRTSCTS=0 VMIN=0 VTIME=0
[ros2_control_node-2] [INFO] [1774777893.789832428] [RealMixedRobotBackend]: [Hightorque] opened device=/dev/ttyACM0 baud=115200
[ros2_control_node-2] [INFO] [1774777893.789855368] [RealMixedRobotBackend]: [Hightorque] set RTS/DTR active ok
[ros2_control_node-2] [INFO] [1774777893.789858078] [RealMixedRobotBackend]: [Hightorque] modem lines after_open: RTS=1 DTR=1 CTS=1 DSR=0 CD=0 RI=0
[ros2_control_node-2] [INFO] [1774777893.789860238] [RealMixedRobotBackend]: [Hightorque] serial params: baudrate=115200 timeout=0ms write_timeout=1000ms inter_byte_timeout=10ms xonxoff=off rtscts=off dsrdtr=off
[ros2_control_node-2] [INFO] [1774777893.789877379] [RealMixedRobotBackend]: [Hightorque] init command ascii_escaped='C\r' hex=43 0D
[ros2_control_node-2] [INFO] [1774777893.804974665] [RealMixedRobotBackend]: [Hightorque] init command ascii_escaped='S8\r' hex=53 38 0D
[ros2_control_node-2] [INFO] [1774777893.820088492] [RealMixedRobotBackend]: [Hightorque] init command ascii_escaped='Y5\r' hex=59 35 0D
[ros2_control_node-2] [INFO] [1774777893.835205478] [RealMixedRobotBackend]: [Hightorque] init command ascii_escaped='M0\r' hex=4D 30 0D
[ros2_control_node-2] [INFO] [1774777893.850319795] [RealMixedRobotBackend]: [Hightorque] init command ascii_escaped='A1\r' hex=41 31 0D
[ros2_control_node-2] [INFO] [1774777893.865438762] [RealMixedRobotBackend]: [Hightorque] init command ascii_escaped='O\r' hex=4F 0D
[ros2_control_node-2] [INFO] [1774777893.880537518] [RealMixedRobotBackend]: [Hightorque] post-open sleep after O: 100000 us
[spawner-4] [INFO] [1774777893.942345604] [spawner_arm_controller]: waiting for service /controller_manager/list_controllers to become available...
[ros2_control_node-2] [INFO] [1774777893.980628195] [RealMixedRobotBackend]: [Hightorque] initialization sequence sent (6 commands)
[ros2_control_node-2] [INFO] [1774777893.980653046] [RealMixedRobotBackend]: [Hightorque] bridge device ready: /dev/ttyACM0
[ros2_control_node-2] [INFO] [1774777893.981814470] [RealMixedRobotBackend]: [Hightorque] termios before: ICANON=0 ECHO=0 ECHONL=0 ISIG=0 IEXTEN=0 ICRNL=0 INLCR=0 IGNCR=0 IXON=0 IXOFF=0 IXANY=0 OPOST=0 PARENB=0 CSTOPB=0 CSIZE=0x30 CS8=1 CRTSCTS=0 VMIN=0 VTIME=0
[ros2_control_node-2] [INFO] [1774777893.981822370] [RealMixedRobotBackend]: [Hightorque] termios after: ICANON=0 ECHO=0 ECHONL=0 ISIG=0 IEXTEN=0 ICRNL=0 INLCR=0 IGNCR=0 IXON=0 IXOFF=0 IXANY=0 OPOST=0 PARENB=0 CSTOPB=0 CSIZE=0x30 CS8=1 CRTSCTS=0 VMIN=0 VTIME=0
[ros2_control_node-2] [INFO] [1774777893.981825581] [RealMixedRobotBackend]: [Yiyou] opened device=/dev/ttyACM1 baud=115200
[ros2_control_node-2] [INFO] [1774777893.981827721] [RealMixedRobotBackend]: [Yiyou] set RTS/DTR active ok
[ros2_control_node-2] [INFO] [1774777893.981829451] [RealMixedRobotBackend]: [Yiyou] modem lines after_open: RTS=1 DTR=1 CTS=1 DSR=0 CD=0 RI=0
[ros2_control_node-2] [INFO] [1774777893.981830851] [RealMixedRobotBackend]: [Yiyou] serial params: baudrate=115200 timeout=0ms write_timeout=1000ms inter_byte_timeout=10ms xonxoff=off rtscts=off dsrdtr=off
[ros2_control_node-2] [INFO] [1774777893.981836381] [RealMixedRobotBackend]: [Yiyou] init command ascii_escaped='C\r' hex=43 0D
[ros2_control_node-2] [INFO] [1774777893.996905746] [RealMixedRobotBackend]: [Yiyou] init command ascii_escaped='S8\r' hex=53 38 0D
[ros2_control_node-2] [INFO] [1774777894.011985602] [RealMixedRobotBackend]: [Yiyou] init command ascii_escaped='M0\r' hex=4D 30 0D
[ros2_control_node-2] [INFO] [1774777894.027059337] [RealMixedRobotBackend]: [Yiyou] init command ascii_escaped='A1\r' hex=41 31 0D
[ros2_control_node-2] [INFO] [1774777894.042134512] [RealMixedRobotBackend]: [Yiyou] init command ascii_escaped='O\r' hex=4F 0D
[ros2_control_node-2] [INFO] [1774777894.057211977] [RealMixedRobotBackend]: [Yiyou] post-open sleep after O: 100000 us
[ros2_control_node-2] [INFO] [1774777894.157289113] [RealMixedRobotBackend]: [Yiyou] initialization sequence sent (5 commands)
[ros2_control_node-2] [INFO] [1774777894.157312004] [RealMixedRobotBackend]: [Yiyou] bridge device ready: /dev/ttyACM1
[ros2_control_node-2] [INFO] [1774777894.157354035] [RealMixedRobotBackend]: discover_joints: route_ready joint=joint_1 driver=hightorque_canfd bus=canfd_main node_id=1 (mapping/device ready, not proof of live response)
[ros2_control_node-2] [INFO] [1774777894.157357095] [RealMixedRobotBackend]: discover_joints: route_ready joint=joint_2 driver=yiyou_can20a bus=can_j2 node_id=2 (mapping/device ready, not proof of live response)
[ros2_control_node-2] [INFO] [1774777894.157358655] [RealMixedRobotBackend]: discover_joints: route_ready joint=joint_3 driver=hightorque_canfd bus=canfd_main node_id=3 (mapping/device ready, not proof of live response)
[ros2_control_node-2] [INFO] [1774777894.157359835] [RealMixedRobotBackend]: discover_joints: route_ready joint=joint_4 driver=hightorque_canfd bus=canfd_main node_id=4 (mapping/device ready, not proof of live response)
[ros2_control_node-2] [INFO] [1774777894.157360866] [RealMixedRobotBackend]: discover_joints: route_ready joint=joint_5 driver=hightorque_canfd bus=canfd_main node_id=5 (mapping/device ready, not proof of live response)
[ros2_control_node-2] [INFO] [1774777894.157381516] [RealMixedRobotBackend]: discover_joints: route_ready joint=joint_6 driver=hightorque_canfd bus=canfd_main node_id=6 (mapping/device ready, not proof of live response)
[ros2_control_node-2] [INFO] [1774777894.157382896] [RealMixedRobotBackend]: discover_joints: success (route registration only; runtime online/available determined by polling samples)
[ros2_control_node-2] [INFO] [1774777894.157384746] [RobotArmHardwareSystem]: on_activate: discover_joints success
[ros2_control_node-2] [INFO] [1774777894.157621323] [RealMixedRobotBackend]: polling workers started (hightorque + yiyou + hightorque_tx)
[ros2_control_node-2] [INFO] [1774777894.157624193] [RealMixedRobotBackend]: sync_current_positions: seeded from cache/default, workers running in background
[ros2_control_node-2] [INFO] [1774777894.157626113] [RobotArmHardwareSystem]: on_activate: sync_current_positions success
[ros2_control_node-2] [INFO] [1774777894.157634264] [RobotArmHardwareSystem]: on_activate: joint=joint_1 online=false available=false pos_ros_rad=-0.000000 vel_ros_rad_s=-0.000000
[ros2_control_node-2] [INFO] [1774777894.157639474] [RobotArmHardwareSystem]: on_activate: joint=joint_2 online=false available=false pos_ros_rad=-0.000000 vel_ros_rad_s=-0.000000
[ros2_control_node-2] [INFO] [1774777894.157641074] [RobotArmHardwareSystem]: on_activate: joint=joint_3 online=false available=false pos_ros_rad=0.000000 vel_ros_rad_s=0.000000
[ros2_control_node-2] [INFO] [1774777894.157642744] [RobotArmHardwareSystem]: on_activate: joint=joint_4 online=false available=false pos_ros_rad=0.000000 vel_ros_rad_s=0.000000
[ros2_control_node-2] [INFO] [1774777894.157644144] [RobotArmHardwareSystem]: on_activate: joint=joint_5 online=false available=false pos_ros_rad=0.000000 vel_ros_rad_s=0.000000
[ros2_control_node-2] [INFO] [1774777894.157645694] [RobotArmHardwareSystem]: on_activate: joint=joint_6 online=false available=false pos_ros_rad=0.000000 vel_ros_rad_s=0.000000
[ros2_control_node-2] [INFO] [1774777894.157650534] [RealMixedRobotBackend]: [Hightorque] set RTS/DTR active ok
[ros2_control_node-2] [INFO] [1774777894.157659234] [RealMixedRobotBackend]: [Hightorque] modem lines before_query: RTS=1 DTR=1 CTS=1 DSR=0 CD=0 RI=0
[ros2_control_node-2] [INFO] [1774777894.157663794] [RealMixedRobotBackend]: [Hightorque] reset_input_buffer=called reset_output_buffer=skipped
[ros2_control_node-2] [INFO] [1774777894.157679135] [RobotArmHardwareSystem]: on_activate: success -> READY_UNARMED (enabled=false)
[ros2_control_node-2] [INFO] [1774777894.157699245] [resource_manager]: Successful 'activate' of hardware 'RobotArmSystem'
[ros2_control_node-2] [INFO] [1774777894.157723636] [RealMixedRobotBackend]: [Hightorque] read_joint query ascii_escaped='D00008001A010000140400110F0000000000005050\r' tx_hex=44 30 30 30 30 38 30 30 31 41 30 31 30 30 30 30 31 34 30 34 30 30 31 31 tx_len=43
[ros2_control_node-2] [INFO] [1774777894.157724486] [RealMixedRobotBackend]: [Yiyou] raw tx reg=position_0x07 ascii='t00220307\r' hex=74 30 30 32 32 30 33 30 37 0D
[ros2_control_node-2] [INFO] [1774777894.157734846] [RealMixedRobotBackend]: [Yiyou] read_joint query ascii_escaped='t00220307\r' tx_hex=74 30 30 32 32 30 33 30 37 0D tx_len=10
[ros2_control_node-2] [INFO] [1774777894.157745747] [RealMixedRobotBackend]: [Hightorque] write flush/drain: tcdrain=called
[ros2_control_node-2] [INFO] [1774777894.157746967] [RealMixedRobotBackend]: [Yiyou] write flush/drain: tcdrain=called
[ros2_control_node-2] [INFO] [1774777894.157757337] [controller_manager]: Registering statistics for : RobotArmSystem
[ros2_control_node-2] [INFO] [1774777894.157806039] [controller_manager]: Resource Manager has been successfully initialized. Starting Controller Manager services...
[ros2_control_node-2] [INFO] [1774777894.159868270] [RealMixedRobotBackend]: [Yiyou] read_joint write ok (wrote=10 expected=10)
[ros2_control_node-2] [INFO] [1774777894.159878160] [RealMixedRobotBackend]: [Yiyou] read window: total=80ms idle_gap=10ms poll_slice=20ms
[ros2_control_node-2] [INFO] [1774777894.159896270] [RealMixedRobotBackend]: [Hightorque] read_joint write ok (wrote=43 expected=43)
[ros2_control_node-2] [INFO] [1774777894.159902601] [RealMixedRobotBackend]: [Hightorque] read window: total=80ms idle_gap=10ms poll_slice=20ms
[ros2_control_node-2] [INFO] [1774777894.193419801] [controller_manager]: Loading controller : 'arm_controller' of type 'joint_trajectory_controller/JointTrajectoryController'
[ros2_control_node-2] [INFO] [1774777894.193442401] [controller_manager]: Loading controller 'arm_controller'
[ros2_control_node-2] [INFO] [1774777894.195091880] [controller_manager]: Controller 'arm_controller' node arguments: --ros-args --params-file /tmp/launch_params_jtlb9786 --params-file /home/user/robot_arm_platform/ros2_ws/install/robot_arm_moveit_config_4338/share/robot_arm_moveit_config_4338/config/ros2_controllers.yaml 
[spawner-4] [INFO] [1774777894.201001164] [spawner_arm_controller]: Loaded arm_controller
[ros2_control_node-2] [INFO] [1774777894.201417427] [controller_manager]: Configuring controller: 'arm_controller'
[ros2_control_node-2] [INFO] [1774777894.201537640] [arm_controller]: No specific joint names are used for command interfaces. Using 'joints' parameter.
[ros2_control_node-2] [INFO] [1774777894.201549221] [arm_controller]: Command interfaces are [position] and state interfaces are [position velocity].
[ros2_control_node-2] [INFO] [1774777894.201560811] [arm_controller]: Using 'splines' interpolation method.
[ros2_control_node-2] [INFO] [1774777894.204228850] [arm_controller]: Action status changes will be monitored at 20.00 Hz.
[ros2_control_node-2] [INFO] [1774777894.211105413] [controller_manager]: Activating controllers: [ arm_controller ]
[ros2_control_node-2] [INFO] [1774777894.220583793] [controller_manager]: Successfully switched controllers!
[spawner-4] [INFO] [1774777894.231165795] [spawner_arm_controller]: Configured and activated arm_controller
[ros2_control_node-2] [INFO] [1774777894.240710707] [RealMixedRobotBackend]: [Yiyou] poll summary: poll_loops=17 last_fionread=0 window_expired_reason=window_no_data
[ros2_control_node-2] [WARN] [1774777894.240729048] [RealMixedRobotBackend]: [Yiyou] read_joint timeout/no-response (attempt=1, timeout_count=1)
[ros2_control_node-2] [INFO] [1774777894.240715887] [RealMixedRobotBackend]: [Hightorque] poll summary: poll_loops=17 last_fionread=0 window_expired_reason=window_no_data
[ros2_control_node-2] [WARN] [1774777894.240742868] [RealMixedRobotBackend]: [Hightorque] read_joint timeout/no-response (attempt=1, timeout_count=1)
[ros2_control_node-2] [INFO] [1774777894.240745548] [RealMixedRobotBackend]: [Hightorque] classify=no_data
[ros2_control_node-2] [INFO] [1774777894.240733088] [RealMixedRobotBackend]: [Yiyou] raw rx reg=position_0x07 raw_len=0 ascii='' hex=
[ros2_control_node-2] [WARN] [1774777894.240752099] [RealMixedRobotBackend]: [Yiyou] no reply reg=position_0x07
[ros2_control_node-2] [INFO] [1774777894.240771809] [RealMixedRobotBackend]: [Hightorque] set RTS/DTR active ok
[ros2_control_node-2] [INFO] [1774777894.240774689] [RealMixedRobotBackend]: [Hightorque] modem lines before_query: RTS=1 DTR=1 CTS=1 DSR=0 CD=0 RI=0
[ros2_control_node-2] [INFO] [1774777894.240771819] [RealMixedRobotBackend]: [Yiyou] raw tx reg=velocity_0x06 ascii='t00220306\r' hex=74 30 30 32 32 30 33 30 36 0D
[ros2_control_node-2] [INFO] [1774777894.240781379] [RealMixedRobotBackend]: [Yiyou] read_joint query ascii_escaped='t00220306\r' tx_hex=74 30 30 32 32 30 33 30 36 0D tx_len=10
[ros2_control_node-2] [INFO] [1774777894.240779329] [RealMixedRobotBackend]: [Hightorque] reset_input_buffer=called reset_output_buffer=skipped
[ros2_control_node-2] [INFO] [1774777894.240795240] [RealMixedRobotBackend]: [Hightorque] read_joint query ascii_escaped='D00008003A010000140400110F0000000000005050\r' tx_hex=44 30 30 30 30 38 30 30 33 41 30 31 30 30 30 30 31 34 30 34 30 30 31 31 tx_len=43
[ros2_control_node-2] [INFO] [1774777894.240805310] [RealMixedRobotBackend]: [Yiyou] write flush/drain: tcdrain=called
[ros2_control_node-2] [INFO] [1774777894.240807160] [RealMixedRobotBackend]: [Hightorque] write flush/drain: tcdrain=called
[ros2_control_node-2] [INFO] [1774777894.242915773] [RealMixedRobotBackend]: [Yiyou] read_joint write ok (wrote=10 expected=10)
[ros2_control_node-2] [INFO] [1774777894.242917983] [RealMixedRobotBackend]: [Yiyou] read window: total=80ms idle_gap=10ms poll_slice=20ms
[ros2_control_node-2] [INFO] [1774777894.242944253] [RealMixedRobotBackend]: [Hightorque] read_joint write ok (wrote=43 expected=43)
[ros2_control_node-2] [INFO] [1774777894.242946083] [RealMixedRobotBackend]: [Hightorque] read window: total=80ms idle_gap=10ms poll_slice=20ms
[spawner-3] [INFO] [1774777894.294186597] [spawner_joint_state_broadcaster]: waiting for service /controller_manager/list_controllers to become available...
[ros2_control_node-2] [INFO] [1774777894.323755350] [RealMixedRobotBackend]: [Hightorque] poll summary: poll_loops=17 last_fionread=0 window_expired_reason=window_no_data
[ros2_control_node-2] [INFO] [1774777894.323773281] [RealMixedRobotBackend]: [Hightorque] classify=no_data
[ros2_control_node-2] [INFO] [1774777894.323762600] [RealMixedRobotBackend]: [Yiyou] poll summary: poll_loops=17 last_fionread=0 window_expired_reason=window_no_data
[ros2_control_node-2] [INFO] [1774777894.323786881] [RealMixedRobotBackend]: [Yiyou] raw rx reg=velocity_0x06 raw_len=0 ascii='' hex=
[ros2_control_node-2] [WARN] [1774777894.323790211] [RealMixedRobotBackend]: [Yiyou] no reply reg=velocity_0x06
[ros2_control_node-2] [INFO] [1774777894.323792961] [RealMixedRobotBackend]: [Hightorque] set RTS/DTR active ok
[ros2_control_node-2] [INFO] [1774777894.323812582] [RealMixedRobotBackend]: [Hightorque] modem lines before_query: RTS=1 DTR=1 CTS=1 DSR=0 CD=0 RI=0
[ros2_control_node-2] [INFO] [1774777894.323807932] [RealMixedRobotBackend]: [Yiyou] raw tx reg=enable_0x10 ascii='t00220310\r' hex=74 30 30 32 32 30 33 31 30 0D
[ros2_control_node-2] [INFO] [1774777894.323819102] [RealMixedRobotBackend]: [Yiyou] read_joint query ascii_escaped='t00220310\r' tx_hex=74 30 30 32 32 30 33 31 30 0D tx_len=10
[ros2_control_node-2] [INFO] [1774777894.323816422] [RealMixedRobotBackend]: [Hightorque] reset_input_buffer=called reset_output_buffer=skipped
[ros2_control_node-2] [INFO] [1774777894.323833802] [RealMixedRobotBackend]: [Hightorque] read_joint query ascii_escaped='D00008004A010000140400110F0000000000005050\r' tx_hex=44 30 30 30 30 38 30 30 34 41 30 31 30 30 30 30 31 34 30 34 30 30 31 31 tx_len=43
[ros2_control_node-2] [INFO] [1774777894.323837392] [RealMixedRobotBackend]: [Yiyou] write flush/drain: tcdrain=called
[ros2_control_node-2] [INFO] [1774777894.323842093] [RealMixedRobotBackend]: [Hightorque] write flush/drain: tcdrain=called
[ros2_control_node-2] [INFO] [1774777894.325943115] [RealMixedRobotBackend]: [Yiyou] read_joint write ok (wrote=10 expected=10)
[ros2_control_node-2] [INFO] [1774777894.325945435] [RealMixedRobotBackend]: [Yiyou] read window: total=80ms idle_gap=10ms poll_slice=20ms
[ros2_control_node-2] [INFO] [1774777894.325973456] [RealMixedRobotBackend]: [Hightorque] read_joint write ok (wrote=43 expected=43)
[ros2_control_node-2] [INFO] [1774777894.325975066] [RealMixedRobotBackend]: [Hightorque] read window: total=80ms idle_gap=10ms poll_slice=20ms
[INFO] [spawner-4]: process has finished cleanly [pid 34723]
[INFO] [launch.user]: [bringup] arm_controller spawned, starting MoveIt demo launch.
[INFO] [launch.user]: [robot_arm demo.launch] robot_description_source=bringup_precomputed(/home/user/robot_arm_platform/ros2_ws/install/robot_arm_moveit_config_4338/share/robot_arm_moveit_config_4338/config/robot_arm.urdf.xacro), use_fake_hardware=false, backend_mode=real, expected_plugin=real(robot_arm_hardware_system/RobotArmHardwareSystem)
[ros2_control_node-2] [INFO] [1774777894.406725551] [RealMixedRobotBackend]: [Yiyou] poll summary: poll_loops=17 last_fionread=0 window_expired_reason=window_no_data
[ros2_control_node-2] [INFO] [1774777894.406747621] [RealMixedRobotBackend]: [Yiyou] raw rx reg=enable_0x10 raw_len=0 ascii='' hex=
[ros2_control_node-2] [WARN] [1774777894.406750621] [RealMixedRobotBackend]: [Yiyou] no reply reg=enable_0x10
[ros2_control_node-2] [INFO] [1774777894.406772492] [RealMixedRobotBackend]: [Yiyou] raw tx reg=alarm_0x15 ascii='t00220315\r' hex=74 30 30 32 32 30 33 31 35 0D
[ros2_control_node-2] [INFO] [1774777894.406774822] [RealMixedRobotBackend]: [Yiyou] read_joint query ascii_escaped='t00220315\r' tx_hex=74 30 30 32 32 30 33 31 35 0D tx_len=10
[ros2_control_node-2] [INFO] [1774777894.406798253] [RealMixedRobotBackend]: [Yiyou] write flush/drain: tcdrain=called
[ros2_control_node-2] [INFO] [1774777894.406808023] [RealMixedRobotBackend]: [Hightorque] poll summary: poll_loops=17 last_fionread=0 window_expired_reason=window_no_data
[ros2_control_node-2] [INFO] [1774777894.406817883] [RealMixedRobotBackend]: [Hightorque] classify=no_data
[ros2_control_node-2] [INFO] [1774777894.406838924] [RealMixedRobotBackend]: [Hightorque] set RTS/DTR active ok
[ros2_control_node-2] [INFO] [1774777894.406841234] [RealMixedRobotBackend]: [Hightorque] modem lines before_query: RTS=1 DTR=1 CTS=1 DSR=0 CD=0 RI=0
[ros2_control_node-2] [INFO] [1774777894.406845074] [RealMixedRobotBackend]: [Hightorque] reset_input_buffer=called reset_output_buffer=skipped
[ros2_control_node-2] [INFO] [1774777894.406862275] [RealMixedRobotBackend]: [Hightorque] write flush/drain: tcdrain=called
[ros2_control_node-2] [INFO] [1774777894.408908175] [RealMixedRobotBackend]: [Yiyou] read_joint write ok (wrote=10 expected=10)
[ros2_control_node-2] [INFO] [1774777894.408910515] [RealMixedRobotBackend]: [Yiyou] read window: total=80ms idle_gap=10ms poll_slice=20ms
[INFO] [move_group-8]: process started with pid [34847]
[INFO] [rviz2-9]: process started with pid [34848]
[ros2_control_node-2] [INFO] [1774777894.489745583] [RealMixedRobotBackend]: [Hightorque] poll summary: poll_loops=17 last_fionread=0 window_expired_reason=window_no_data
[ros2_control_node-2] [INFO] [1774777894.489763943] [RealMixedRobotBackend]: [Hightorque] classify=no_data
[ros2_control_node-2] [INFO] [1774777894.489745523] [RealMixedRobotBackend]: [Yiyou] poll summary: poll_loops=17 last_fionread=0 window_expired_reason=window_no_data
[ros2_control_node-2] [INFO] [1774777894.489777664] [RealMixedRobotBackend]: [Yiyou] raw rx reg=alarm_0x15 raw_len=0 ascii='' hex=
[ros2_control_node-2] [WARN] [1774777894.489780794] [RealMixedRobotBackend]: [Yiyou] no reply reg=alarm_0x15
[ros2_control_node-2] [INFO] [1774777894.489792514] [RealMixedRobotBackend]: [Hightorque] set RTS/DTR active ok
[ros2_control_node-2] [INFO] [1774777894.489794864] [RealMixedRobotBackend]: [Hightorque] modem lines before_query: RTS=1 DTR=1 CTS=1 DSR=0 CD=0 RI=0
[ros2_control_node-2] [INFO] [1774777894.489799654] [RealMixedRobotBackend]: [Hightorque] reset_input_buffer=called reset_output_buffer=skipped
[ros2_control_node-2] [INFO] [1774777894.489840355] [RealMixedRobotBackend]: [Hightorque] write flush/drain: tcdrain=called
[move_group-8] [INFO] [1774777894.492937957] [move_group.moveit.moveit.ros.rdf_loader]: Loaded robot model in 0.0016954 seconds
[move_group-8] [INFO] [1774777894.492994919] [move_group.moveit.moveit.core.robot_model]: Loading robot model 'robot_arm'...
[ros2_control_node-2] [INFO] [1774777894.509914229] [RealMixedRobotBackend]: [Yiyou] raw tx reg=position_0x07 ascii='t00220307\r' hex=74 30 30 32 32 30 33 30 37 0D
[ros2_control_node-2] [INFO] [1774777894.509953160] [RealMixedRobotBackend]: [Yiyou] read_joint query ascii_escaped='t00220307\r' tx_hex=74 30 30 32 32 30 33 30 37 0D tx_len=10
[ros2_control_node-2] [INFO] [1774777894.509978050] [RealMixedRobotBackend]: [Yiyou] write flush/drain: tcdrain=called
[ros2_control_node-2] [INFO] [1774777894.512080962] [RealMixedRobotBackend]: [Yiyou] read_joint write ok (wrote=10 expected=10)
[ros2_control_node-2] [INFO] [1774777894.512087153] [RealMixedRobotBackend]: [Yiyou] read window: total=80ms idle_gap=10ms poll_slice=20ms
[ros2_control_node-2] [INFO] [1774777894.572833487] [RealMixedRobotBackend]: [Hightorque] poll summary: poll_loops=17 last_fionread=0 window_expired_reason=window_no_data
[ros2_control_node-2] [INFO] [1774777894.572857358] [RealMixedRobotBackend]: [Hightorque] classify=no_data
[ros2_control_node-2] [INFO] [1774777894.582948126] [RealMixedRobotBackend]: [Hightorque] set RTS/DTR active ok
[ros2_control_node-2] [INFO] [1774777894.582966276] [RealMixedRobotBackend]: [Hightorque] modem lines before_query: RTS=1 DTR=1 CTS=1 DSR=0 CD=0 RI=0
[ros2_control_node-2] [INFO] [1774777894.582971236] [RealMixedRobotBackend]: [Hightorque] reset_input_buffer=called reset_output_buffer=skipped
[ros2_control_node-2] [INFO] [1774777894.583011157] [RealMixedRobotBackend]: [Hightorque] write flush/drain: tcdrain=called
[ros2_control_node-2] [INFO] [1774777894.592914850] [RealMixedRobotBackend]: [Yiyou] poll summary: poll_loops=17 last_fionread=0 window_expired_reason=window_no_data
[ros2_control_node-2] [INFO] [1774777894.592936761] [RealMixedRobotBackend]: [Yiyou] raw rx reg=position_0x07 raw_len=0 ascii='' hex=
[ros2_control_node-2] [WARN] [1774777894.592939361] [RealMixedRobotBackend]: [Yiyou] no reply reg=position_0x07
[ros2_control_node-2] [INFO] [1774777894.592960951] [RealMixedRobotBackend]: [Yiyou] raw tx reg=velocity_0x06 ascii='t00220306\r' hex=74 30 30 32 32 30 33 30 36 0D
[ros2_control_node-2] [INFO] [1774777894.592963371] [RealMixedRobotBackend]: [Yiyou] read_joint query ascii_escaped='t00220306\r' tx_hex=74 30 30 32 32 30 33 30 36 0D tx_len=10
[ros2_control_node-2] [INFO] [1774777894.592986632] [RealMixedRobotBackend]: [Yiyou] write flush/drain: tcdrain=called
[ros2_control_node-2] [INFO] [1774777894.595093694] [RealMixedRobotBackend]: [Yiyou] read_joint write ok (wrote=10 expected=10)
[ros2_control_node-2] [INFO] [1774777894.595107945] [RealMixedRobotBackend]: [Yiyou] read window: total=80ms idle_gap=10ms poll_slice=20ms
[move_group-8] [INFO] [1774777894.607980055] [move_group.moveit.moveit.kinematics.kdl_kinematics_plugin]: Joint weights for group 'arm': 1 1 1 1 1 1
[ros2_control_node-2] [INFO] [1774777894.633939992] [controller_manager]: Loading controller : 'joint_state_broadcaster' of type 'joint_state_broadcaster/JointStateBroadcaster'
[ros2_control_node-2] [INFO] [1774777894.633980423] [controller_manager]: Loading controller 'joint_state_broadcaster'
[ros2_control_node-2] [INFO] [1774777894.634815547] [controller_manager]: Controller 'joint_state_broadcaster' node arguments: --ros-args --params-file /tmp/launch_params_jtlb9786 --params-file /home/user/robot_arm_platform/ros2_ws/install/robot_arm_moveit_config_4338/share/robot_arm_moveit_config_4338/config/ros2_controllers.yaml 
[spawner-3] [INFO] [1774777894.641241947] [spawner_joint_state_broadcaster]: Loaded joint_state_broadcaster
[ros2_control_node-2] [INFO] [1774777894.641919047] [controller_manager]: Configuring controller: 'joint_state_broadcaster'
[ros2_control_node-2] [INFO] [1774777894.641970519] [joint_state_broadcaster]: 'joints' or 'interfaces' parameter is empty. All available state interfaces will be published
[ros2_control_node-2] [INFO] [1774777894.651236633] [controller_manager]: Activating controllers: [ joint_state_broadcaster ]
[ros2_control_node-2] [INFO] [1774777894.660505206] [controller_manager]: Successfully switched controllers!
[ros2_control_node-2] [INFO] [1774777894.665957907] [RealMixedRobotBackend]: [Hightorque] poll summary: poll_loops=17 last_fionread=0 window_expired_reason=window_no_data
[ros2_control_node-2] [INFO] [1774777894.665969598] [RealMixedRobotBackend]: [Hightorque] classify=no_data
[ros2_control_node-2] [INFO] [1774777894.665991638] [RealMixedRobotBackend]: [Hightorque] set RTS/DTR active ok
[ros2_control_node-2] [INFO] [1774777894.665994489] [RealMixedRobotBackend]: [Hightorque] modem lines before_query: RTS=1 DTR=1 CTS=1 DSR=0 CD=0 RI=0
[ros2_control_node-2] [INFO] [1774777894.665998649] [RealMixedRobotBackend]: [Hightorque] reset_input_buffer=called reset_output_buffer=skipped
[ros2_control_node-2] [INFO] [1774777894.666036230] [RealMixedRobotBackend]: [Hightorque] write flush/drain: tcdrain=called
[spawner-3] [INFO] [1774777894.671083359] [spawner_joint_state_broadcaster]: Configured and activated joint_state_broadcaster
[ros2_control_node-2] [INFO] [1774777894.675926512] [RealMixedRobotBackend]: [Yiyou] poll summary: poll_loops=17 last_fionread=0 window_expired_reason=window_no_data
[ros2_control_node-2] [INFO] [1774777894.675939722] [RealMixedRobotBackend]: [Yiyou] raw rx reg=velocity_0x06 raw_len=0 ascii='' hex=
[ros2_control_node-2] [WARN] [1774777894.675957683] [RealMixedRobotBackend]: [Yiyou] no reply reg=velocity_0x06
[ros2_control_node-2] [INFO] [1774777894.675977143] [RealMixedRobotBackend]: [Yiyou] raw tx reg=enable_0x10 ascii='t00220310\r' hex=74 30 30 32 32 30 33 31 30 0D
[ros2_control_node-2] [INFO] [1774777894.675979883] [RealMixedRobotBackend]: [Yiyou] read_joint query ascii_escaped='t00220310\r' tx_hex=74 30 30 32 32 30 33 31 30 0D tx_len=10
[ros2_control_node-2] [INFO] [1774777894.676001994] [RealMixedRobotBackend]: [Yiyou] write flush/drain: tcdrain=called
[ros2_control_node-2] [INFO] [1774777894.678235850] [RealMixedRobotBackend]: [Yiyou] read_joint write ok (wrote=10 expected=10)
[ros2_control_node-2] [INFO] [1774777894.678244580] [RealMixedRobotBackend]: [Yiyou] read window: total=80ms idle_gap=10ms poll_slice=20ms
[ros2_control_node-2] [INFO] [1774777894.748980629] [RealMixedRobotBackend]: [Hightorque] poll summary: poll_loops=17 last_fionread=0 window_expired_reason=window_no_data
[ros2_control_node-2] [INFO] [1774777894.749003410] [RealMixedRobotBackend]: [Hightorque] classify=no_data
[ros2_control_node-2] [INFO] [1774777894.749031511] [RealMixedRobotBackend]: [Hightorque] set RTS/DTR active ok
[ros2_control_node-2] [INFO] [1774777894.749034171] [RealMixedRobotBackend]: [Hightorque] modem lines before_query: RTS=1 DTR=1 CTS=1 DSR=0 CD=0 RI=0
[ros2_control_node-2] [INFO] [1774777894.749038671] [RealMixedRobotBackend]: [Hightorque] reset_input_buffer=called reset_output_buffer=skipped
[ros2_control_node-2] [INFO] [1774777894.749136924] [RealMixedRobotBackend]: [Hightorque] write flush/drain: tcdrain=called
[ros2_control_node-2] [INFO] [1774777894.759057857] [RealMixedRobotBackend]: [Yiyou] poll summary: poll_loops=17 last_fionread=0 window_expired_reason=window_no_data
[ros2_control_node-2] [INFO] [1774777894.759079408] [RealMixedRobotBackend]: [Yiyou] raw rx reg=enable_0x10 raw_len=0 ascii='' hex=
[ros2_control_node-2] [WARN] [1774777894.759082808] [RealMixedRobotBackend]: [Yiyou] no reply reg=enable_0x10
[ros2_control_node-2] [INFO] [1774777894.759103928] [RealMixedRobotBackend]: [Yiyou] raw tx reg=alarm_0x15 ascii='t00220315\r' hex=74 30 30 32 32 30 33 31 35 0D
[ros2_control_node-2] [INFO] [1774777894.759106859] [RealMixedRobotBackend]: [Yiyou] read_joint query ascii_escaped='t00220315\r' tx_hex=74 30 30 32 32 30 33 31 35 0D tx_len=10
[ros2_control_node-2] [INFO] [1774777894.759128859] [RealMixedRobotBackend]: [Yiyou] write flush/drain: tcdrain=called
[ros2_control_node-2] [INFO] [1774777894.761243992] [RealMixedRobotBackend]: [Yiyou] read_joint write ok (wrote=10 expected=10)
[ros2_control_node-2] [INFO] [1774777894.761247512] [RealMixedRobotBackend]: [Yiyou] read window: total=80ms idle_gap=10ms poll_slice=20ms
[INFO] [spawner-3]: process has finished cleanly [pid 34722]
[ros2_control_node-2] [INFO] [1774777894.831988961] [RealMixedRobotBackend]: [Hightorque] poll summary: poll_loops=17 last_fionread=0 window_expired_reason=window_no_data
[ros2_control_node-2] [INFO] [1774777894.832010282] [RealMixedRobotBackend]: [Hightorque] classify=no_data
[ros2_control_node-2] [INFO] [1774777894.832031772] [RealMixedRobotBackend]: [Hightorque] set RTS/DTR active ok
[ros2_control_node-2] [INFO] [1774777894.832034372] [RealMixedRobotBackend]: [Hightorque] modem lines before_query: RTS=1 DTR=1 CTS=1 DSR=0 CD=0 RI=0
[ros2_control_node-2] [INFO] [1774777894.832039143] [RealMixedRobotBackend]: [Hightorque] reset_input_buffer=called reset_output_buffer=skipped
[ros2_control_node-2] [INFO] [1774777894.832079544] [RealMixedRobotBackend]: [Hightorque] write flush/drain: tcdrain=called
[ros2_control_node-2] [INFO] [1774777894.842089410] [RealMixedRobotBackend]: [Yiyou] poll summary: poll_loops=17 last_fionread=0 window_expired_reason=window_no_data
[ros2_control_node-2] [INFO] [1774777894.842107950] [RealMixedRobotBackend]: [Yiyou] raw rx reg=alarm_0x15 raw_len=0 ascii='' hex=
[ros2_control_node-2] [WARN] [1774777894.842110750] [RealMixedRobotBackend]: [Yiyou] no reply reg=alarm_0x15
[ros2_control_node-2] [INFO] [1774777894.862201004] [RealMixedRobotBackend]: [Yiyou] raw tx reg=position_0x07 ascii='t00220307\r' hex=74 30 30 32 32 30 33 30 37 0D
[ros2_control_node-2] [INFO] [1774777894.862218284] [RealMixedRobotBackend]: [Yiyou] read_joint query ascii_escaped='t00220307\r' tx_hex=74 30 30 32 32 30 33 30 37 0D tx_len=10
[ros2_control_node-2] [INFO] [1774777894.862241945] [RealMixedRobotBackend]: [Yiyou] write flush/drain: tcdrain=called
[ros2_control_node-2] [INFO] [1774777894.864335857] [RealMixedRobotBackend]: [Yiyou] read_joint write ok (wrote=10 expected=10)
[ros2_control_node-2] [INFO] [1774777894.864340947] [RealMixedRobotBackend]: [Yiyou] read window: total=80ms idle_gap=10ms poll_slice=20ms
[rviz2-9] [INFO] [1774777894.872575470] [rviz2]: Stereo is NOT SUPPORTED
[rviz2-9] [INFO] [1774777894.872640712] [rviz2]: OpenGl version: 4.6 (GLSL 4.6)
[ros2_control_node-2] [INFO] [1774777894.915033174] [RealMixedRobotBackend]: [Hightorque] poll summary: poll_loops=17 last_fionread=0 window_expired_reason=window_no_data
[ros2_control_node-2] [INFO] [1774777894.915082535] [RealMixedRobotBackend]: [Hightorque] classify=no_data
[ros2_control_node-2] [INFO] [1774777894.915106286] [RealMixedRobotBackend]: [Hightorque] set RTS/DTR active ok
[ros2_control_node-2] [INFO] [1774777894.915109306] [RealMixedRobotBackend]: [Hightorque] modem lines before_query: RTS=1 DTR=1 CTS=1 DSR=0 CD=0 RI=0
[ros2_control_node-2] [INFO] [1774777894.915114186] [RealMixedRobotBackend]: [Hightorque] reset_input_buffer=called reset_output_buffer=skipped
[ros2_control_node-2] [INFO] [1774777894.915159578] [RealMixedRobotBackend]: [Hightorque] write flush/drain: tcdrain=called
[rviz2-9] [INFO] [1774777894.931121099] [rviz2]: Stereo is NOT SUPPORTED
[ros2_control_node-2] [INFO] [1774777894.945187565] [RealMixedRobotBackend]: [Yiyou] poll summary: poll_loops=17 last_fionread=0 window_expired_reason=window_no_data
[ros2_control_node-2] [INFO] [1774777894.945206485] [RealMixedRobotBackend]: [Yiyou] raw rx reg=position_0x07 raw_len=0 ascii='' hex=
[ros2_control_node-2] [WARN] [1774777894.945209095] [RealMixedRobotBackend]: [Yiyou] no reply reg=position_0x07
[ros2_control_node-2] [INFO] [1774777894.945226586] [RealMixedRobotBackend]: [Yiyou] raw tx reg=velocity_0x06 ascii='t00220306\r' hex=74 30 30 32 32 30 33 30 36 0D
[ros2_control_node-2] [INFO] [1774777894.945229096] [RealMixedRobotBackend]: [Yiyou] read_joint query ascii_escaped='t00220306\r' tx_hex=74 30 30 32 32 30 33 30 36 0D tx_len=10
[ros2_control_node-2] [INFO] [1774777894.945251217] [RealMixedRobotBackend]: [Yiyou] write flush/drain: tcdrain=called
[ros2_control_node-2] [INFO] [1774777894.947351009] [RealMixedRobotBackend]: [Yiyou] read_joint write ok (wrote=10 expected=10)
[ros2_control_node-2] [INFO] [1774777894.947361269] [RealMixedRobotBackend]: [Yiyou] read window: total=80ms idle_gap=10ms poll_slice=20ms
[rviz2-9] Warning: class_loader.impl: SEVERE WARNING!!! A namespace collision has occurred with plugin factory for class rviz_default_plugins::displays::InteractiveMarkerDisplay. New factory will OVERWRITE existing one. This situation occurs when libraries containing plugins are directly linked against an executable (the one running right now generating this message). Please separate plugins out into their own library or just don't link against the library and use either class_loader::ClassLoader/MultiLibraryClassLoader to open.
[rviz2-9]          at line 321 in /opt/ros/jazzy/include/class_loader/class_loader/class_loader_core.hpp
[ros2_control_node-2] [INFO] [1774777894.998039896] [RealMixedRobotBackend]: [Hightorque] poll summary: poll_loops=17 last_fionread=0 window_expired_reason=window_no_data
[ros2_control_node-2] [INFO] [1774777894.998059366] [RealMixedRobotBackend]: [Hightorque] classify=no_data
[ros2_control_node-2] [INFO] [1774777895.008141664] [RealMixedRobotBackend]: [Hightorque] set RTS/DTR active ok
[ros2_control_node-2] [INFO] [1774777895.008152734] [RealMixedRobotBackend]: [Hightorque] modem lines before_query: RTS=1 DTR=1 CTS=1 DSR=0 CD=0 RI=0
[ros2_control_node-2] [INFO] [1774777895.008156494] [RealMixedRobotBackend]: [Hightorque] reset_input_buffer=called reset_output_buffer=skipped
[ros2_control_node-2] [INFO] [1774777895.008195846] [RealMixedRobotBackend]: [Hightorque] write flush/drain: tcdrain=called
[ros2_control_node-2] [INFO] [1774777895.028216627] [RealMixedRobotBackend]: [Yiyou] poll summary: poll_loops=17 last_fionread=0 window_expired_reason=window_no_data
[ros2_control_node-2] [INFO] [1774777895.028235727] [RealMixedRobotBackend]: [Yiyou] raw rx reg=velocity_0x06 raw_len=0 ascii='' hex=
[ros2_control_node-2] [WARN] [1774777895.028238897] [RealMixedRobotBackend]: [Yiyou] no reply reg=velocity_0x06
[ros2_control_node-2] [INFO] [1774777895.028258638] [RealMixedRobotBackend]: [Yiyou] raw tx reg=enable_0x10 ascii='t00220310\r' hex=74 30 30 32 32 30 33 31 30 0D
[ros2_control_node-2] [INFO] [1774777895.028261688] [RealMixedRobotBackend]: [Yiyou] read_joint query ascii_escaped='t00220310\r' tx_hex=74 30 30 32 32 30 33 31 30 0D tx_len=10
[ros2_control_node-2] [INFO] [1774777895.028279689] [RealMixedRobotBackend]: [Yiyou] write flush/drain: tcdrain=called
[ros2_control_node-2] [INFO] [1774777895.030391081] [RealMixedRobotBackend]: [Yiyou] read_joint write ok (wrote=10 expected=10)
[ros2_control_node-2] [INFO] [1774777895.030393691] [RealMixedRobotBackend]: [Yiyou] read window: total=80ms idle_gap=10ms poll_slice=20ms
[move_group-8] [INFO] [1774777895.086440765] [move_group.moveit.moveit.ros.planning_scene_monitor]: Publishing maintained planning scene on 'monitored_planning_scene'
[move_group-8] [INFO] [1774777895.086538648] [move_group.moveit.moveit.ros.moveit_cpp]: Listening to 'joint_states' for joint states
[move_group-8] [INFO] [1774777895.087035073] [move_group.moveit.moveit.ros.current_state_monitor]: Listening to joint states on topic 'joint_states'
[move_group-8] [INFO] [1774777895.087287131] [move_group.moveit.moveit.ros.planning_scene_monitor]: Listening to '/attached_collision_object' for attached collision objects
[move_group-8] [INFO] [1774777895.087295941] [move_group.moveit.moveit.ros.planning_scene_monitor]: Stopping existing planning scene publisher.
[move_group-8] [INFO] [1774777895.087361413] [move_group.moveit.moveit.ros.planning_scene_monitor]: Stopped publishing maintained planning scene.
[move_group-8] [INFO] [1774777895.087576059] [move_group.moveit.moveit.ros.planning_scene_monitor]: Publishing maintained planning scene on 'monitored_planning_scene'
[move_group-8] [INFO] [1774777895.087617770] [move_group.moveit.moveit.ros.planning_scene_monitor]: Starting planning scene monitor
[move_group-8] [INFO] [1774777895.087790636] [move_group.moveit.moveit.ros.planning_scene_monitor]: Listening to '/planning_scene'
[move_group-8] [INFO] [1774777895.087798686] [move_group.moveit.moveit.ros.planning_scene_monitor]: Starting world geometry update monitor for collision objects, attached objects, octomap updates.
[move_group-8] [INFO] [1774777895.088131166] [move_group.moveit.moveit.ros.planning_scene_monitor]: Listening to 'collision_object'
[move_group-8] [INFO] [1774777895.088297811] [move_group.moveit.moveit.ros.planning_scene_monitor]: Listening to 'planning_scene_world' for planning scene world geometry
[move_group-8] [WARN] [1774777895.088404224] [move_group.moveit.moveit.ros.occupancy_map_monitor]: Resolution not specified for Octomap. Assuming resolution = 0.1 instead
[move_group-8] [ERROR] [1774777895.088410884] [move_group.moveit.moveit.ros.occupancy_map_monitor]: No 3D sensor plugin(s) defined for octomap updates
[ros2_control_node-2] [INFO] [1774777895.091137874] [RealMixedRobotBackend]: [Hightorque] poll summary: poll_loops=17 last_fionread=0 window_expired_reason=window_no_data
[ros2_control_node-2] [INFO] [1774777895.091153265] [RealMixedRobotBackend]: [Hightorque] classify=no_data
[ros2_control_node-2] [INFO] [1774777895.091174736] [RealMixedRobotBackend]: [Hightorque] set RTS/DTR active ok
[ros2_control_node-2] [INFO] [1774777895.091177506] [RealMixedRobotBackend]: [Hightorque] modem lines before_query: RTS=1 DTR=1 CTS=1 DSR=0 CD=0 RI=0
[ros2_control_node-2] [INFO] [1774777895.091181766] [RealMixedRobotBackend]: [Hightorque] reset_input_buffer=called reset_output_buffer=skipped
[ros2_control_node-2] [INFO] [1774777895.091220847] [RealMixedRobotBackend]: [Hightorque] write flush/drain: tcdrain=called
[ros2_control_node-2] [INFO] [1774777895.111212337] [RealMixedRobotBackend]: [Yiyou] poll summary: poll_loops=17 last_fionread=0 window_expired_reason=window_no_data
[ros2_control_node-2] [INFO] [1774777895.111225407] [RealMixedRobotBackend]: [Yiyou] raw rx reg=enable_0x10 raw_len=0 ascii='' hex=
[ros2_control_node-2] [WARN] [1774777895.111240198] [RealMixedRobotBackend]: [Yiyou] no reply reg=enable_0x10
[ros2_control_node-2] [INFO] [1774777895.111255138] [RealMixedRobotBackend]: [Yiyou] raw tx reg=alarm_0x15 ascii='t00220315\r' hex=74 30 30 32 32 30 33 31 35 0D
[ros2_control_node-2] [INFO] [1774777895.111257308] [RealMixedRobotBackend]: [Yiyou] read_joint query ascii_escaped='t00220315\r' tx_hex=74 30 30 32 32 30 33 31 35 0D tx_len=10
[ros2_control_node-2] [INFO] [1774777895.111277179] [RealMixedRobotBackend]: [Yiyou] write flush/drain: tcdrain=called
[ros2_control_node-2] [INFO] [1774777895.113335360] [RealMixedRobotBackend]: [Yiyou] read_joint write ok (wrote=10 expected=10)
[ros2_control_node-2] [INFO] [1774777895.113338080] [RealMixedRobotBackend]: [Yiyou] read window: total=80ms idle_gap=10ms poll_slice=20ms
[ros2_control_node-2] [INFO] [1774777895.174190616] [RealMixedRobotBackend]: [Hightorque] poll summary: poll_loops=17 last_fionread=0 window_expired_reason=window_no_data
[ros2_control_node-2] [INFO] [1774777895.174211357] [RealMixedRobotBackend]: [Hightorque] classify=no_data
[ros2_control_node-2] [INFO] [1774777895.174232388] [RealMixedRobotBackend]: [Hightorque] set RTS/DTR active ok
[ros2_control_node-2] [INFO] [1774777895.174234638] [RealMixedRobotBackend]: [Hightorque] modem lines before_query: RTS=1 DTR=1 CTS=1 DSR=0 CD=0 RI=0
[ros2_control_node-2] [INFO] [1774777895.174238648] [RealMixedRobotBackend]: [Hightorque] reset_input_buffer=called reset_output_buffer=skipped
[ros2_control_node-2] [INFO] [1774777895.174279979] [RealMixedRobotBackend]: [Hightorque] write flush/drain: tcdrain=called
[ros2_control_node-2] [INFO] [1774777895.194179537] [RealMixedRobotBackend]: [Yiyou] poll summary: poll_loops=17 last_fionread=0 window_expired_reason=window_no_data
[ros2_control_node-2] [INFO] [1774777895.194199207] [RealMixedRobotBackend]: [Yiyou] raw rx reg=alarm_0x15 raw_len=0 ascii='' hex=
[ros2_control_node-2] [WARN] [1774777895.194201787] [RealMixedRobotBackend]: [Yiyou] no reply reg=alarm_0x15
[ros2_control_node-2] [INFO] [1774777895.214289580] [RealMixedRobotBackend]: [Yiyou] raw tx reg=position_0x07 ascii='t00220307\r' hex=74 30 30 32 32 30 33 30 37 0D
[ros2_control_node-2] [INFO] [1774777895.214320541] [RealMixedRobotBackend]: [Yiyou] write flush/drain: tcdrain=called
[ros2_control_node-2] [INFO] [1774777895.257247919] [RealMixedRobotBackend]: [Hightorque] poll summary: poll_loops=17 last_fionread=0 window_expired_reason=window_no_data
[ros2_control_node-2] [INFO] [1774777895.257264139] [RealMixedRobotBackend]: [Hightorque] classify=no_data
[ros2_control_node-2] [INFO] [1774777895.257279640] [RealMixedRobotBackend]: [Hightorque] set RTS/DTR active ok
[ros2_control_node-2] [INFO] [1774777895.257282020] [RealMixedRobotBackend]: [Hightorque] modem lines before_query: RTS=1 DTR=1 CTS=1 DSR=0 CD=0 RI=0
[ros2_control_node-2] [INFO] [1774777895.257285610] [RealMixedRobotBackend]: [Hightorque] reset_input_buffer=called reset_output_buffer=skipped
[ros2_control_node-2] [INFO] [1774777895.257320361] [RealMixedRobotBackend]: [Hightorque] write flush/drain: tcdrain=called
[ros2_control_node-2] [INFO] [1774777895.297267830] [RealMixedRobotBackend]: [Yiyou] poll summary: poll_loops=17 last_fionread=0 window_expired_reason=window_no_data
[ros2_control_node-2] [INFO] [1774777895.297284641] [RealMixedRobotBackend]: [Yiyou] raw rx reg=position_0x07 raw_len=0 ascii='' hex=
[ros2_control_node-2] [WARN] [1774777895.297287321] [RealMixedRobotBackend]: [Yiyou] no reply reg=position_0x07
[ros2_control_node-2] [INFO] [1774777895.297304901] [RealMixedRobotBackend]: [Yiyou] raw tx reg=velocity_0x06 ascii='t00220306\r' hex=74 30 30 32 32 30 33 30 36 0D
[ros2_control_node-2] [INFO] [1774777895.297326002] [RealMixedRobotBackend]: [Yiyou] write flush/drain: tcdrain=called
[ros2_control_node-2] [INFO] [1774777895.340314471] [RealMixedRobotBackend]: [Hightorque] poll summary: poll_loops=17 last_fionread=0 window_expired_reason=window_no_data
[ros2_control_node-2] [INFO] [1774777895.340331101] [RealMixedRobotBackend]: [Hightorque] classify=no_data
[ros2_control_node-2] [INFO] [1774777895.340353842] [RealMixedRobotBackend]: [Hightorque] set RTS/DTR active ok
[ros2_control_node-2] [INFO] [1774777895.340356182] [RealMixedRobotBackend]: [Hightorque] modem lines before_query: RTS=1 DTR=1 CTS=1 DSR=0 CD=0 RI=0
[ros2_control_node-2] [INFO] [1774777895.340359872] [RealMixedRobotBackend]: [Hightorque] reset_input_buffer=called reset_output_buffer=skipped
[ros2_control_node-2] [INFO] [1774777895.340397373] [RealMixedRobotBackend]: [Hightorque] write flush/drain: tcdrain=called
[ros2_control_node-2] [INFO] [1774777895.380282881] [RealMixedRobotBackend]: [Yiyou] poll summary: poll_loops=17 last_fionread=0 window_expired_reason=window_no_data
[ros2_control_node-2] [INFO] [1774777895.380320942] [RealMixedRobotBackend]: [Yiyou] raw rx reg=velocity_0x06 raw_len=0 ascii='' hex=
[ros2_control_node-2] [WARN] [1774777895.380324902] [RealMixedRobotBackend]: [Yiyou] no reply reg=velocity_0x06
[ros2_control_node-2] [INFO] [1774777895.380346783] [RealMixedRobotBackend]: [Yiyou] raw tx reg=enable_0x10 ascii='t00220310\r' hex=74 30 30 32 32 30 33 31 30 0D
[ros2_control_node-2] [INFO] [1774777895.380364804] [RealMixedRobotBackend]: [Yiyou] write flush/drain: tcdrain=called
[ros2_control_node-2] [INFO] [1774777895.423344522] [RealMixedRobotBackend]: [Hightorque] poll summary: poll_loops=17 last_fionread=0 window_expired_reason=window_no_data
[ros2_control_node-2] [INFO] [1774777895.423363073] [RealMixedRobotBackend]: [Hightorque] classify=no_data
[ros2_control_node-2] [INFO] [1774777895.433440770] [RealMixedRobotBackend]: [Hightorque] set RTS/DTR active ok
[ros2_control_node-2] [INFO] [1774777895.433454211] [RealMixedRobotBackend]: [Hightorque] modem lines before_query: RTS=1 DTR=1 CTS=1 DSR=0 CD=0 RI=0
[ros2_control_node-2] [INFO] [1774777895.433458511] [RealMixedRobotBackend]: [Hightorque] reset_input_buffer=called reset_output_buffer=skipped
[ros2_control_node-2] [INFO] [1774777895.433495732] [RealMixedRobotBackend]: [Hightorque] write flush/drain: tcdrain=called
[ros2_control_node-2] [INFO] [1774777895.463316052] [RealMixedRobotBackend]: [Yiyou] poll summary: poll_loops=17 last_fionread=0 window_expired_reason=window_no_data
[ros2_control_node-2] [INFO] [1774777895.463330803] [RealMixedRobotBackend]: [Yiyou] raw rx reg=enable_0x10 raw_len=0 ascii='' hex=
[ros2_control_node-2] [WARN] [1774777895.463334633] [RealMixedRobotBackend]: [Yiyou] no reply reg=enable_0x10
[ros2_control_node-2] [INFO] [1774777895.463351023] [RealMixedRobotBackend]: [Yiyou] raw tx reg=alarm_0x15 ascii='t00220315\r' hex=74 30 30 32 32 30 33 31 35 0D
[ros2_control_node-2] [INFO] [1774777895.463367054] [RealMixedRobotBackend]: [Yiyou] write flush/drain: tcdrain=called
[ros2_control_node-2] [INFO] [1774777895.516453391] [RealMixedRobotBackend]: [Hightorque] poll summary: poll_loops=17 last_fionread=0 window_expired_reason=window_no_data
[ros2_control_node-2] [INFO] [1774777895.516465472] [RealMixedRobotBackend]: [Hightorque] classify=no_data
[ros2_control_node-2] [INFO] [1774777895.516479632] [RealMixedRobotBackend]: [Hightorque] set RTS/DTR active ok
[ros2_control_node-2] [INFO] [1774777895.516481942] [RealMixedRobotBackend]: [Hightorque] modem lines before_query: RTS=1 DTR=1 CTS=1 DSR=0 CD=0 RI=0
[ros2_control_node-2] [INFO] [1774777895.516485172] [RealMixedRobotBackend]: [Hightorque] reset_input_buffer=called reset_output_buffer=skipped
[ros2_control_node-2] [INFO] [1774777895.516513553] [RealMixedRobotBackend]: [Hightorque] write flush/drain: tcdrain=called
[ros2_control_node-2] [INFO] [1774777895.546322103] [RealMixedRobotBackend]: [Yiyou] poll summary: poll_loops=17 last_fionread=0 window_expired_reason=window_no_data
[ros2_control_node-2] [INFO] [1774777895.546343644] [RealMixedRobotBackend]: [Yiyou] raw rx reg=alarm_0x15 raw_len=0 ascii='' hex=
[ros2_control_node-2] [WARN] [1774777895.546346954] [RealMixedRobotBackend]: [Yiyou] no reply reg=alarm_0x15
[ros2_control_node-2] [INFO] [1774777895.566436557] [RealMixedRobotBackend]: [Yiyou] raw tx reg=position_0x07 ascii='t00220307\r' hex=74 30 30 32 32 30 33 30 37 0D
[ros2_control_node-2] [INFO] [1774777895.566470328] [RealMixedRobotBackend]: [Yiyou] write flush/drain: tcdrain=called
[ros2_control_node-2] [INFO] [1774777895.599450322] [RealMixedRobotBackend]: [Hightorque] poll summary: poll_loops=17 last_fionread=0 window_expired_reason=window_no_data
[ros2_control_node-2] [INFO] [1774777895.599466212] [RealMixedRobotBackend]: [Hightorque] classify=no_data
[ros2_control_node-2] [INFO] [1774777895.599483033] [RealMixedRobotBackend]: [Hightorque] set RTS/DTR active ok
[ros2_control_node-2] [INFO] [1774777895.599485363] [RealMixedRobotBackend]: [Hightorque] modem lines before_query: RTS=1 DTR=1 CTS=1 DSR=0 CD=0 RI=0
[ros2_control_node-2] [INFO] [1774777895.599488923] [RealMixedRobotBackend]: [Hightorque] reset_input_buffer=called reset_output_buffer=skipped
[ros2_control_node-2] [INFO] [1774777895.599523314] [RealMixedRobotBackend]: [Hightorque] write flush/drain: tcdrain=called
[ros2_control_node-2] [INFO] [1774777895.649389856] [RealMixedRobotBackend]: [Yiyou] poll summary: poll_loops=17 last_fionread=0 window_expired_reason=window_no_data
[ros2_control_node-2] [INFO] [1774777895.649405977] [RealMixedRobotBackend]: [Yiyou] raw rx reg=position_0x07 raw_len=0 ascii='' hex=
[ros2_control_node-2] [WARN] [1774777895.649409227] [RealMixedRobotBackend]: [Yiyou] no reply reg=position_0x07
[ros2_control_node-2] [INFO] [1774777895.649426347] [RealMixedRobotBackend]: [Yiyou] raw tx reg=velocity_0x06 ascii='t00220306\r' hex=74 30 30 32 32 30 33 30 36 0D
[ros2_control_node-2] [INFO] [1774777895.649465388] [RealMixedRobotBackend]: [Yiyou] write flush/drain: tcdrain=called
[ros2_control_node-2] [INFO] [1774777895.682444712] [RealMixedRobotBackend]: [Hightorque] poll summary: poll_loops=17 last_fionread=0 window_expired_reason=window_no_data
[ros2_control_node-2] [INFO] [1774777895.682465283] [RealMixedRobotBackend]: [Hightorque] classify=no_data
[ros2_control_node-2] [INFO] [1774777895.682485083] [RealMixedRobotBackend]: [Hightorque] set RTS/DTR active ok
[ros2_control_node-2] [INFO] [1774777895.682487303] [RealMixedRobotBackend]: [Hightorque] modem lines before_query: RTS=1 DTR=1 CTS=1 DSR=0 CD=0 RI=0
[ros2_control_node-2] [INFO] [1774777895.682491393] [RealMixedRobotBackend]: [Hightorque] reset_input_buffer=called reset_output_buffer=skipped
[ros2_control_node-2] [INFO] [1774777895.682532815] [RealMixedRobotBackend]: [Hightorque] write flush/drain: tcdrain=called
[ros2_control_node-2] [INFO] [1774777895.732424138] [RealMixedRobotBackend]: [Yiyou] poll summary: poll_loops=17 last_fionread=0 window_expired_reason=window_no_data
[ros2_control_node-2] [INFO] [1774777895.732443648] [RealMixedRobotBackend]: [Yiyou] raw rx reg=velocity_0x06 raw_len=0 ascii='' hex=
[ros2_control_node-2] [WARN] [1774777895.732447328] [RealMixedRobotBackend]: [Yiyou] no reply reg=velocity_0x06
[ros2_control_node-2] [INFO] [1774777895.732467599] [RealMixedRobotBackend]: [Yiyou] raw tx reg=enable_0x10 ascii='t00220310\r' hex=74 30 30 32 32 30 33 31 30 0D
[ros2_control_node-2] [INFO] [1774777895.732490680] [RealMixedRobotBackend]: [Yiyou] write flush/drain: tcdrain=called
[ros2_control_node-2] [INFO] [1774777895.765466893] [RealMixedRobotBackend]: [Hightorque] poll summary: poll_loops=17 last_fionread=0 window_expired_reason=window_no_data
[ros2_control_node-2] [INFO] [1774777895.765483454] [RealMixedRobotBackend]: [Hightorque] classify=no_data
[ros2_control_node-2] [INFO] [1774777895.765500114] [RealMixedRobotBackend]: [Hightorque] set RTS/DTR active ok
[ros2_control_node-2] [INFO] [1774777895.765502174] [RealMixedRobotBackend]: [Hightorque] modem lines before_query: RTS=1 DTR=1 CTS=1 DSR=0 CD=0 RI=0
[ros2_control_node-2] [INFO] [1774777895.765505504] [RealMixedRobotBackend]: [Hightorque] reset_input_buffer=called reset_output_buffer=skipped
[ros2_control_node-2] [INFO] [1774777895.765537005] [RealMixedRobotBackend]: [Hightorque] write flush/drain: tcdrain=called
[ros2_control_node-2] [INFO] [1774777895.815442769] [RealMixedRobotBackend]: [Yiyou] poll summary: poll_loops=17 last_fionread=0 window_expired_reason=window_no_data
[ros2_control_node-2] [INFO] [1774777895.815459549] [RealMixedRobotBackend]: [Yiyou] raw rx reg=enable_0x10 raw_len=0 ascii='' hex=
[ros2_control_node-2] [WARN] [1774777895.815462630] [RealMixedRobotBackend]: [Yiyou] no reply reg=enable_0x10
[ros2_control_node-2] [INFO] [1774777895.815478650] [RealMixedRobotBackend]: [Yiyou] raw tx reg=alarm_0x15 ascii='t00220315\r' hex=74 30 30 32 32 30 33 31 35 0D
[ros2_control_node-2] [INFO] [1774777895.815498681] [RealMixedRobotBackend]: [Yiyou] write flush/drain: tcdrain=called
[ros2_control_node-2] [INFO] [1774777895.848498305] [RealMixedRobotBackend]: [Hightorque] poll summary: poll_loops=17 last_fionread=0 window_expired_reason=window_no_data
[ros2_control_node-2] [INFO] [1774777895.848518295] [RealMixedRobotBackend]: [Hightorque] classify=no_data
[ros2_control_node-2] [INFO] [1774777895.858596683] [RealMixedRobotBackend]: [Hightorque] set RTS/DTR active ok
[ros2_control_node-2] [INFO] [1774777895.858609463] [RealMixedRobotBackend]: [Hightorque] modem lines before_query: RTS=1 DTR=1 CTS=1 DSR=0 CD=0 RI=0
[ros2_control_node-2] [INFO] [1774777895.858614043] [RealMixedRobotBackend]: [Hightorque] reset_input_buffer=called reset_output_buffer=skipped
[ros2_control_node-2] [INFO] [1774777895.858653435] [RealMixedRobotBackend]: [Hightorque] write flush/drain: tcdrain=called
[ros2_control_node-2] [INFO] [1774777895.898444389] [RealMixedRobotBackend]: [Yiyou] poll summary: poll_loops=17 last_fionread=0 window_expired_reason=window_no_data
[ros2_control_node-2] [INFO] [1774777895.898461580] [RealMixedRobotBackend]: [Yiyou] raw rx reg=alarm_0x15 raw_len=0 ascii='' hex=
[ros2_control_node-2] [WARN] [1774777895.898464080] [RealMixedRobotBackend]: [Yiyou] no reply reg=alarm_0x15
[ros2_control_node-2] [INFO] [1774777895.918553223] [RealMixedRobotBackend]: [Yiyou] raw tx reg=position_0x07 ascii='t00220307\r' hex=74 30 30 32 32 30 33 30 37 0D
[ros2_control_node-2] [INFO] [1774777895.918582824] [RealMixedRobotBackend]: [Yiyou] write flush/drain: tcdrain=called
[ros2_control_node-2] [INFO] [1774777895.941606093] [RealMixedRobotBackend]: [Hightorque] poll summary: poll_loops=17 last_fionread=0 window_expired_reason=window_no_data
[ros2_control_node-2] [INFO] [1774777895.941619564] [RealMixedRobotBackend]: [Hightorque] classify=no_data
[ros2_control_node-2] [INFO] [1774777895.941657205] [RealMixedRobotBackend]: [Hightorque] set RTS/DTR active ok
[ros2_control_node-2] [INFO] [1774777895.941659285] [RealMixedRobotBackend]: [Hightorque] modem lines before_query: RTS=1 DTR=1 CTS=1 DSR=0 CD=0 RI=0
[ros2_control_node-2] [INFO] [1774777895.941662465] [RealMixedRobotBackend]: [Hightorque] reset_input_buffer=called reset_output_buffer=skipped
[ros2_control_node-2] [INFO] [1774777895.941694766] [RealMixedRobotBackend]: [Hightorque] write flush/drain: tcdrain=called
[ros2_control_node-2] [INFO] [1774777896.001535753] [RealMixedRobotBackend]: [Yiyou] poll summary: poll_loops=17 last_fionread=0 window_expired_reason=window_no_data
[ros2_control_node-2] [INFO] [1774777896.001556753] [RealMixedRobotBackend]: [Yiyou] raw rx reg=position_0x07 raw_len=0 ascii='' hex=
[ros2_control_node-2] [WARN] [1774777896.001559314] [RealMixedRobotBackend]: [Yiyou] no reply reg=position_0x07
[ros2_control_node-2] [INFO] [1774777896.001577924] [RealMixedRobotBackend]: [Yiyou] raw tx reg=velocity_0x06 ascii='t00220306\r' hex=74 30 30 32 32 30 33 30 36 0D
[ros2_control_node-2] [INFO] [1774777896.001600915] [RealMixedRobotBackend]: [Yiyou] write flush/drain: tcdrain=called
[ros2_control_node-2] [INFO] [1774777896.024615184] [RealMixedRobotBackend]: [Hightorque] poll summary: poll_loops=17 last_fionread=0 window_expired_reason=window_no_data
[ros2_control_node-2] [INFO] [1774777896.024633545] [RealMixedRobotBackend]: [Hightorque] classify=no_data
[ros2_control_node-2] [INFO] [1774777896.024650935] [RealMixedRobotBackend]: [Hightorque] set RTS/DTR active ok
[ros2_control_node-2] [INFO] [1774777896.024653125] [RealMixedRobotBackend]: [Hightorque] modem lines before_query: RTS=1 DTR=1 CTS=1 DSR=0 CD=0 RI=0
[ros2_control_node-2] [INFO] [1774777896.024656605] [RealMixedRobotBackend]: [Hightorque] reset_input_buffer=called reset_output_buffer=skipped
[ros2_control_node-2] [INFO] [1774777896.024694346] [RealMixedRobotBackend]: [Hightorque] write flush/drain: tcdrain=called
[ros2_control_node-2] [INFO] [1774777896.084518522] [RealMixedRobotBackend]: [Yiyou] poll summary: poll_loops=17 last_fionread=0 window_expired_reason=window_no_data
[ros2_control_node-2] [INFO] [1774777896.084537853] [RealMixedRobotBackend]: [Yiyou] raw rx reg=velocity_0x06 raw_len=0 ascii='' hex=
[ros2_control_node-2] [WARN] [1774777896.084540783] [RealMixedRobotBackend]: [Yiyou] no reply reg=velocity_0x06
[ros2_control_node-2] [INFO] [1774777896.084558963] [RealMixedRobotBackend]: [Yiyou] raw tx reg=enable_0x10 ascii='t00220310\r' hex=74 30 30 32 32 30 33 31 30 0D
[ros2_control_node-2] [INFO] [1774777896.084578014] [RealMixedRobotBackend]: [Yiyou] write flush/drain: tcdrain=called
[ros2_control_node-2] [INFO] [1774777896.107629844] [RealMixedRobotBackend]: [Hightorque] poll summary: poll_loops=17 last_fionread=0 window_expired_reason=window_no_data
[ros2_control_node-2] [INFO] [1774777896.107644524] [RealMixedRobotBackend]: [Hightorque] classify=no_data
[ros2_control_node-2] [INFO] [1774777896.107660325] [RealMixedRobotBackend]: [Hightorque] set RTS/DTR active ok
[ros2_control_node-2] [INFO] [1774777896.107662285] [RealMixedRobotBackend]: [Hightorque] modem lines before_query: RTS=1 DTR=1 CTS=1 DSR=0 CD=0 RI=0
[ros2_control_node-2] [INFO] [1774777896.107665595] [RealMixedRobotBackend]: [Hightorque] reset_input_buffer=called reset_output_buffer=skipped
[ros2_control_node-2] [INFO] [1774777896.107697986] [RealMixedRobotBackend]: [Hightorque] write flush/drain: tcdrain=called
[ros2_control_node-2] [INFO] [1774777896.150472308] [RealMixedRobotBackend]: read_all_joint_states: cycle=200 completed for 6 joints (cache snapshot only; no serial IO in read path)
[ros2_control_node-2] [INFO] [1774777896.150490359] [RobotArmHardwareSystem]: read: cycle=200 updated joint state buffer for 6 joints
[ros2_control_node-2] [INFO] [1774777896.164478812] [RealMixedRobotBackend]: hightorque_tx_loop: cycle=100 jobs=0 total_us=0
[ros2_control_node-2] [INFO] [1774777896.167505331] [RealMixedRobotBackend]: [Yiyou] poll summary: poll_loops=17 last_fionread=0 window_expired_reason=window_no_data
[ros2_control_node-2] [INFO] [1774777896.167522511] [RealMixedRobotBackend]: [Yiyou] raw rx reg=enable_0x10 raw_len=0 ascii='' hex=
[ros2_control_node-2] [WARN] [1774777896.167526002] [RealMixedRobotBackend]: [Yiyou] no reply reg=enable_0x10
[ros2_control_node-2] [INFO] [1774777896.167549422] [RealMixedRobotBackend]: [Yiyou] raw tx reg=alarm_0x15 ascii='t00220315\r' hex=74 30 30 32 32 30 33 31 35 0D
[ros2_control_node-2] [INFO] [1774777896.167572983] [RealMixedRobotBackend]: [Yiyou] write flush/drain: tcdrain=called
[ros2_control_node-2] [INFO] [1774777896.190601953] [RealMixedRobotBackend]: [Hightorque] poll summary: poll_loops=17 last_fionread=0 window_expired_reason=window_no_data
[ros2_control_node-2] [INFO] [1774777896.190638544] [RealMixedRobotBackend]: [Hightorque] classify=no_data
[ros2_control_node-2] [INFO] [1774777896.190656054] [RealMixedRobotBackend]: [Hightorque] set RTS/DTR active ok
[ros2_control_node-2] [INFO] [1774777896.190658304] [RealMixedRobotBackend]: [Hightorque] modem lines before_query: RTS=1 DTR=1 CTS=1 DSR=0 CD=0 RI=0
[ros2_control_node-2] [INFO] [1774777896.190662564] [RealMixedRobotBackend]: [Hightorque] reset_input_buffer=called reset_output_buffer=skipped
[ros2_control_node-2] [INFO] [1774777896.190692745] [RealMixedRobotBackend]: [Hightorque] write flush/drain: tcdrain=called
[ros2_control_node-2] [INFO] [1774777896.250500420] [RealMixedRobotBackend]: [Yiyou] poll summary: poll_loops=17 last_fionread=0 window_expired_reason=window_no_data
[ros2_control_node-2] [INFO] [1774777896.250522891] [RealMixedRobotBackend]: [Yiyou] raw rx reg=alarm_0x15 raw_len=0 ascii='' hex=
[ros2_control_node-2] [WARN] [1774777896.250525361] [RealMixedRobotBackend]: [Yiyou] no reply reg=alarm_0x15
[ros2_control_node-2] [INFO] [1774777896.270622844] [RealMixedRobotBackend]: [Yiyou] raw tx reg=position_0x07 ascii='t00220307\r' hex=74 30 30 32 32 30 33 30 37 0D
[ros2_control_node-2] [INFO] [1774777896.270659395] [RealMixedRobotBackend]: [Yiyou] write flush/drain: tcdrain=called
[ros2_control_node-2] [INFO] [1774777896.273665514] [RealMixedRobotBackend]: [Hightorque] poll summary: poll_loops=17 last_fionread=0 window_expired_reason=window_no_data
[ros2_control_node-2] [INFO] [1774777896.273678074] [RealMixedRobotBackend]: [Hightorque] classify=no_data
[ros2_control_node-2] [INFO] [1774777896.283751782] [RealMixedRobotBackend]: [Hightorque] set RTS/DTR active ok
[ros2_control_node-2] [INFO] [1774777896.283761742] [RealMixedRobotBackend]: [Hightorque] modem lines before_query: RTS=1 DTR=1 CTS=1 DSR=0 CD=0 RI=0
[ros2_control_node-2] [INFO] [1774777896.283767112] [RealMixedRobotBackend]: [Hightorque] reset_input_buffer=called reset_output_buffer=skipped
[ros2_control_node-2] [INFO] [1774777896.283802233] [RealMixedRobotBackend]: [Hightorque] write flush/drain: tcdrain=called
[ros2_control_node-2] [INFO] [1774777896.353548881] [RealMixedRobotBackend]: [Yiyou] poll summary: poll_loops=17 last_fionread=0 window_expired_reason=window_no_data
[ros2_control_node-2] [INFO] [1774777896.353569772] [RealMixedRobotBackend]: [Yiyou] raw rx reg=position_0x07 raw_len=0 ascii='' hex=
[ros2_control_node-2] [WARN] [1774777896.353572622] [RealMixedRobotBackend]: [Yiyou] no reply reg=position_0x07
[ros2_control_node-2] [INFO] [1774777896.353591733] [RealMixedRobotBackend]: [Yiyou] raw tx reg=velocity_0x06 ascii='t00220306\r' hex=74 30 30 32 32 30 33 30 36 0D
[ros2_control_node-2] [INFO] [1774777896.353610913] [RealMixedRobotBackend]: [Yiyou] write flush/drain: tcdrain=called
[move_group-8] [INFO] [1774777896.366125633] [move_group.moveit.moveit.ros.planning_pipeline]: Successfully loaded planner 'OMPL'
[move_group-8] [INFO] [1774777896.366547215] [move_group]: Try loading adapter 'default_planning_request_adapters/ResolveConstraintFrames'
[ros2_control_node-2] [INFO] [1774777896.366798702] [RealMixedRobotBackend]: [Hightorque] poll summary: poll_loops=17 last_fionread=0 window_expired_reason=window_no_data
[ros2_control_node-2] [INFO] [1774777896.366811153] [RealMixedRobotBackend]: [Hightorque] classify=no_data
[ros2_control_node-2] [INFO] [1774777896.366830233] [RealMixedRobotBackend]: [Hightorque] set RTS/DTR active ok
[ros2_control_node-2] [INFO] [1774777896.366832273] [RealMixedRobotBackend]: [Hightorque] modem lines before_query: RTS=1 DTR=1 CTS=1 DSR=0 CD=0 RI=0
[ros2_control_node-2] [INFO] [1774777896.366836114] [RealMixedRobotBackend]: [Hightorque] reset_input_buffer=called reset_output_buffer=skipped
[ros2_control_node-2] [INFO] [1774777896.366867875] [RealMixedRobotBackend]: [Hightorque] write flush/drain: tcdrain=called
[move_group-8] [INFO] [1774777896.366946167] [move_group]: Loaded adapter 'default_planning_request_adapters/ResolveConstraintFrames'
[move_group-8] [INFO] [1774777896.366949237] [move_group]: Try loading adapter 'default_planning_request_adapters/ValidateWorkspaceBounds'
[move_group-8] [INFO] [1774777896.367067730] [move_group]: Loaded adapter 'default_planning_request_adapters/ValidateWorkspaceBounds'
[move_group-8] [INFO] [1774777896.367071541] [move_group]: Try loading adapter 'default_planning_request_adapters/CheckStartStateBounds'
[move_group-8] [INFO] [1774777896.367082071] [move_group]: Loaded adapter 'default_planning_request_adapters/CheckStartStateBounds'
[move_group-8] [INFO] [1774777896.367083591] [move_group]: Try loading adapter 'default_planning_request_adapters/CheckStartStateCollision'
[move_group-8] [INFO] [1774777896.367087761] [move_group]: Loaded adapter 'default_planning_request_adapters/CheckStartStateCollision'
[move_group-8] [INFO] [1774777896.367446232] [move_group]: Try loading adapter 'default_planning_response_adapters/AddTimeOptimalParameterization'
[move_group-8] [INFO] [1774777896.368279976] [move_group]: Loaded adapter 'default_planning_response_adapters/AddTimeOptimalParameterization'
[move_group-8] [INFO] [1774777896.368284607] [move_group]: Try loading adapter 'default_planning_response_adapters/ValidateSolution'
[move_group-8] [INFO] [1774777896.369238285] [move_group]: Loaded adapter 'default_planning_response_adapters/ValidateSolution'
[move_group-8] [INFO] [1774777896.369245785] [move_group]: Try loading adapter 'default_planning_response_adapters/DisplayMotionPath'
[move_group-8] [INFO] [1774777896.369566304] [move_group]: Loaded adapter 'default_planning_response_adapters/DisplayMotionPath'
[move_group-8] [INFO] [1774777896.370911874] [move_group.moveit.moveit.ros.planning_pipeline]: Successfully loaded planner 'STOMP'
[move_group-8] [INFO] [1774777896.371267734] [move_group]: Try loading adapter 'default_planning_request_adapters/ResolveConstraintFrames'
[move_group-8] [INFO] [1774777896.371299175] [move_group]: Loaded adapter 'default_planning_request_adapters/ResolveConstraintFrames'
[move_group-8] [INFO] [1774777896.371300855] [move_group]: Try loading adapter 'default_planning_request_adapters/ValidateWorkspaceBounds'
[move_group-8] [INFO] [1774777896.371377428] [move_group]: Loaded adapter 'default_planning_request_adapters/ValidateWorkspaceBounds'
[move_group-8] [INFO] [1774777896.371380568] [move_group]: Try loading adapter 'default_planning_request_adapters/CheckStartStateBounds'
[move_group-8] [INFO] [1774777896.371387988] [move_group]: Loaded adapter 'default_planning_request_adapters/CheckStartStateBounds'
[move_group-8] [INFO] [1774777896.371389588] [move_group]: Try loading adapter 'default_planning_request_adapters/CheckStartStateCollision'
[move_group-8] [INFO] [1774777896.371393708] [move_group]: Loaded adapter 'default_planning_request_adapters/CheckStartStateCollision'
[move_group-8] [INFO] [1774777896.371711347] [move_group]: Try loading adapter 'default_planning_response_adapters/AddTimeOptimalParameterization'
[move_group-8] [INFO] [1774777896.371846041] [move_group]: Loaded adapter 'default_planning_response_adapters/AddTimeOptimalParameterization'
[move_group-8] [INFO] [1774777896.371849092] [move_group]: Try loading adapter 'default_planning_response_adapters/ValidateSolution'
[move_group-8] [INFO] [1774777896.372024897] [move_group]: Loaded adapter 'default_planning_response_adapters/ValidateSolution'
[move_group-8] [INFO] [1774777896.372030157] [move_group]: Try loading adapter 'default_planning_response_adapters/DisplayMotionPath'
[move_group-8] [INFO] [1774777896.372178731] [move_group]: Loaded adapter 'default_planning_response_adapters/DisplayMotionPath'
[move_group-8] [INFO] [1774777896.373168381] [move_group.moveit.moveit.planners.pilz.joint_limits_aggregator]: Reading limits from namespace robot_description_planning
[move_group-8] [INFO] [1774777896.374651414] [move_group.moveit.moveit.planners.pilz.command_planner]: Available plugins: pilz_industrial_motion_planner/PlanningContextLoaderCIRC pilz_industrial_motion_planner/PlanningContextLoaderLIN pilz_industrial_motion_planner/PlanningContextLoaderPTP 
[move_group-8] [INFO] [1774777896.374661135] [move_group.moveit.moveit.planners.pilz.command_planner]: About to load: pilz_industrial_motion_planner/PlanningContextLoaderCIRC
[move_group-8] [INFO] [1774777896.375181860] [move_group.moveit.moveit.planners.pilz.command_planner]: Registered Algorithm [CIRC]
[move_group-8] [INFO] [1774777896.375188610] [move_group.moveit.moveit.planners.pilz.command_planner]: About to load: pilz_industrial_motion_planner/PlanningContextLoaderLIN
[move_group-8] [INFO] [1774777896.375551331] [move_group.moveit.moveit.planners.pilz.command_planner]: Registered Algorithm [LIN]
[move_group-8] [INFO] [1774777896.375556701] [move_group.moveit.moveit.planners.pilz.command_planner]: About to load: pilz_industrial_motion_planner/PlanningContextLoaderPTP
[move_group-8] [INFO] [1774777896.375881961] [move_group.moveit.moveit.planners.pilz.command_planner]: Registered Algorithm [PTP]
[move_group-8] [INFO] [1774777896.375886551] [move_group.moveit.moveit.ros.planning_pipeline]: Successfully loaded planner 'Pilz Industrial Motion Planner'
[move_group-8] [INFO] [1774777896.376216600] [move_group]: Try loading adapter 'default_planning_request_adapters/ResolveConstraintFrames'
[move_group-8] [INFO] [1774777896.376243661] [move_group]: Loaded adapter 'default_planning_request_adapters/ResolveConstraintFrames'
[move_group-8] [INFO] [1774777896.376245261] [move_group]: Try loading adapter 'default_planning_request_adapters/ValidateWorkspaceBounds'
[move_group-8] [INFO] [1774777896.376330954] [move_group]: Loaded adapter 'default_planning_request_adapters/ValidateWorkspaceBounds'
[move_group-8] [INFO] [1774777896.376337994] [move_group]: Try loading adapter 'default_planning_request_adapters/CheckStartStateBounds'
[move_group-8] [INFO] [1774777896.376345284] [move_group]: Loaded adapter 'default_planning_request_adapters/CheckStartStateBounds'
[move_group-8] [INFO] [1774777896.376347254] [move_group]: Try loading adapter 'default_planning_request_adapters/CheckStartStateCollision'
[move_group-8] [INFO] [1774777896.376353744] [move_group]: Loaded adapter 'default_planning_request_adapters/CheckStartStateCollision'
[move_group-8] [INFO] [1774777896.376745316] [move_group]: Try loading adapter 'default_planning_response_adapters/ValidateSolution'
[move_group-8] [INFO] [1774777896.377146468] [move_group]: Loaded adapter 'default_planning_response_adapters/ValidateSolution'
[move_group-8] [INFO] [1774777896.377154318] [move_group]: Try loading adapter 'default_planning_response_adapters/DisplayMotionPath'
[move_group-8] [INFO] [1774777896.377301783] [move_group]: Loaded adapter 'default_planning_response_adapters/DisplayMotionPath'
[move_group-8] [INFO] [1774777896.378622812] [move_group.moveit.moveit.ros.planning_pipeline]: Successfully loaded planner 'CHOMP'
[move_group-8] [INFO] [1774777896.378951561] [move_group]: Try loading adapter 'default_planning_request_adapters/ResolveConstraintFrames'
[move_group-8] [INFO] [1774777896.378978962] [move_group]: Loaded adapter 'default_planning_request_adapters/ResolveConstraintFrames'
[move_group-8] [INFO] [1774777896.378981212] [move_group]: Try loading adapter 'default_planning_request_adapters/ValidateWorkspaceBounds'
[move_group-8] [INFO] [1774777896.379068845] [move_group]: Loaded adapter 'default_planning_request_adapters/ValidateWorkspaceBounds'
[move_group-8] [INFO] [1774777896.379071605] [move_group]: Try loading adapter 'default_planning_request_adapters/CheckStartStateBounds'
[move_group-8] [INFO] [1774777896.379078375] [move_group]: Loaded adapter 'default_planning_request_adapters/CheckStartStateBounds'
[move_group-8] [INFO] [1774777896.379079775] [move_group]: Try loading adapter 'default_planning_request_adapters/CheckStartStateCollision'
[move_group-8] [INFO] [1774777896.379084125] [move_group]: Loaded adapter 'default_planning_request_adapters/CheckStartStateCollision'
[move_group-8] [INFO] [1774777896.379406375] [move_group]: Try loading adapter 'default_planning_response_adapters/AddTimeOptimalParameterization'
[move_group-8] [INFO] [1774777896.379559459] [move_group]: Loaded adapter 'default_planning_response_adapters/AddTimeOptimalParameterization'
[move_group-8] [INFO] [1774777896.379562349] [move_group]: Try loading adapter 'default_planning_response_adapters/ValidateSolution'
[move_group-8] [INFO] [1774777896.379736134] [move_group]: Loaded adapter 'default_planning_response_adapters/ValidateSolution'
[move_group-8] [INFO] [1774777896.379741595] [move_group]: Try loading adapter 'default_planning_response_adapters/DisplayMotionPath'
[move_group-8] [INFO] [1774777896.379877169] [move_group]: Loaded adapter 'default_planning_response_adapters/DisplayMotionPath'
[move_group-8] [INFO] [1774777896.396058916] [move_group.moveit.moveit.plugins.simple_controller_manager]: Added FollowJointTrajectory controller for arm_controller
[move_group-8] [INFO] [1774777896.396185610] [move_group.moveit.moveit.plugins.simple_controller_manager]: Returned 1 controllers in list
[move_group-8] [INFO] [1774777896.396198630] [move_group.moveit.moveit.plugins.simple_controller_manager]: Returned 1 controllers in list
[move_group-8] [INFO] [1774777896.396405307] [move_group.moveit.moveit.ros.trajectory_execution_manager]: Trajectory execution is managing controllers
[move_group-8] [INFO] [1774777896.396416477] [move_group]: MoveGroup debug mode is ON
[move_group-8] [INFO] [1774777896.404531806] [move_group.moveit.moveit.planners.pilz.move_group_sequence_action]: initialize move group sequence action
[move_group-8] [INFO] [1774777896.405749052] [move_group.moveit.moveit.planners.pilz.joint_limits_aggregator]: Reading limits from namespace robot_description_planning
[move_group-8] [INFO] [1774777896.405852115] [move_group.moveit.moveit.planners.pilz.joint_limits_aggregator]: Reading limits from namespace robot_description_planning
[move_group-8] [INFO] [1774777896.406174235] [move_group.moveit.moveit.ros.move_group.executable]: 
[move_group-8] 
[move_group-8] ********************************************************
[move_group-8] * MoveGroup using: 
[move_group-8] *     - apply_planning_scene_service
[move_group-8] *     - clear_octomap_service
[move_group-8] *     - get_group_urdf
[move_group-8] *     - load_geometry_from_file
[move_group-8] *     - CartesianPathService
[move_group-8] *     - execute_trajectory_action
[move_group-8] *     - get_planning_scene_service
[move_group-8] *     - kinematics_service
[move_group-8] *     - move_action
[move_group-8] *     - motion_plan_service
[move_group-8] *     - query_planners_service
[move_group-8] *     - state_validation_service
[move_group-8] *     - save_geometry_to_file
[move_group-8] *     - SequenceAction
[move_group-8] *     - SequenceService
[move_group-8] ********************************************************
[move_group-8] 
[move_group-8] [INFO] [1774777896.406199075] [move_group.moveit.moveit.ros.move_group.context]: MoveGroup context using pipeline ompl
[move_group-8] [INFO] [1774777896.406203966] [move_group.moveit.moveit.ros.move_group.context]: MoveGroup context initialization complete
[move_group-8] [96mLoading 'move_group/ApplyPlanningSceneService'...[0m
[move_group-8] [96mLoading 'move_group/ClearOctomapService'...[0m
[move_group-8] [96mLoading 'move_group/GetUrdfService'...[0m
[move_group-8] [96mLoading 'move_group/LoadGeometryFromFileService'...[0m
[move_group-8] [96mLoading 'move_group/MoveGroupCartesianPathService'...[0m
[move_group-8] [96mLoading 'move_group/MoveGroupExecuteTrajectoryAction'...[0m
[move_group-8] [96mLoading 'move_group/MoveGroupGetPlanningSceneService'...[0m
[move_group-8] [96mLoading 'move_group/MoveGroupKinematicsService'...[0m
[move_group-8] [96mLoading 'move_group/MoveGroupMoveAction'...[0m
[move_group-8] [96mLoading 'move_group/MoveGroupPlanService'...[0m
[move_group-8] [96mLoading 'move_group/MoveGroupQueryPlannersService'...[0m
[move_group-8] [96mLoading 'move_group/MoveGroupStateValidationService'...[0m
[move_group-8] [96mLoading 'move_group/SaveGeometryToFileService'...[0m
[move_group-8] [96mLoading 'pilz_industrial_motion_planner/MoveGroupSequenceAction'...[0m
[move_group-8] [96mLoading 'pilz_industrial_motion_planner/MoveGroupSequenceService'...[0m
[move_group-8] 
[move_group-8] [92mYou can start planning now![0m
[move_group-8] 
[ros2_control_node-2] [INFO] [1774777896.436550501] [RealMixedRobotBackend]: [Yiyou] poll summary: poll_loops=17 last_fionread=0 window_expired_reason=window_no_data
[ros2_control_node-2] [INFO] [1774777896.436567772] [RealMixedRobotBackend]: [Yiyou] raw rx reg=velocity_0x06 raw_len=0 ascii='' hex=
[ros2_control_node-2] [WARN] [1774777896.436570752] [RealMixedRobotBackend]: [Yiyou] no reply reg=velocity_0x06
[ros2_control_node-2] [INFO] [1774777896.436591402] [RealMixedRobotBackend]: [Yiyou] raw tx reg=enable_0x10 ascii='t00220310\r' hex=74 30 30 32 32 30 33 31 30 0D
[ros2_control_node-2] [INFO] [1774777896.436613423] [RealMixedRobotBackend]: [Yiyou] write flush/drain: tcdrain=called
[ros2_control_node-2] [INFO] [1774777896.449811992] [RealMixedRobotBackend]: [Hightorque] poll summary: poll_loops=17 last_fionread=0 window_expired_reason=window_no_data
[ros2_control_node-2] [INFO] [1774777896.449823153] [RealMixedRobotBackend]: [Hightorque] classify=no_data
[ros2_control_node-2] [INFO] [1774777896.449841363] [RealMixedRobotBackend]: [Hightorque] set RTS/DTR active ok
[ros2_control_node-2] [INFO] [1774777896.449843593] [RealMixedRobotBackend]: [Hightorque] modem lines before_query: RTS=1 DTR=1 CTS=1 DSR=0 CD=0 RI=0
[ros2_control_node-2] [INFO] [1774777896.449847053] [RealMixedRobotBackend]: [Hightorque] reset_input_buffer=called reset_output_buffer=skipped
[ros2_control_node-2] [INFO] [1774777896.449890625] [RealMixedRobotBackend]: [Hightorque] write flush/drain: tcdrain=called
[ros2_control_node-2] [INFO] [1774777896.519551520] [RealMixedRobotBackend]: [Yiyou] poll summary: poll_loops=17 last_fionread=0 window_expired_reason=window_no_data
[ros2_control_node-2] [INFO] [1774777896.519576001] [RealMixedRobotBackend]: [Yiyou] raw rx reg=enable_0x10 raw_len=0 ascii='' hex=
[ros2_control_node-2] [WARN] [1774777896.519579451] [RealMixedRobotBackend]: [Yiyou] no reply reg=enable_0x10
[ros2_control_node-2] [INFO] [1774777896.519603182] [RealMixedRobotBackend]: [Yiyou] raw tx reg=alarm_0x15 ascii='t00220315\r' hex=74 30 30 32 32 30 33 31 35 0D
[ros2_control_node-2] [INFO] [1774777896.519629483] [RealMixedRobotBackend]: [Yiyou] write flush/drain: tcdrain=called
[ros2_control_node-2] [INFO] [1774777896.532846533] [RealMixedRobotBackend]: [Hightorque] poll summary: poll_loops=17 last_fionread=0 window_expired_reason=window_no_data
[ros2_control_node-2] [INFO] [1774777896.532858633] [RealMixedRobotBackend]: [Hightorque] classify=no_data
[ros2_control_node-2] [INFO] [1774777896.532875114] [RealMixedRobotBackend]: [Hightorque] set RTS/DTR active ok
[ros2_control_node-2] [INFO] [1774777896.532877314] [RealMixedRobotBackend]: [Hightorque] modem lines before_query: RTS=1 DTR=1 CTS=1 DSR=0 CD=0 RI=0
[ros2_control_node-2] [INFO] [1774777896.532881004] [RealMixedRobotBackend]: [Hightorque] reset_input_buffer=called reset_output_buffer=skipped
[ros2_control_node-2] [INFO] [1774777896.532909285] [RealMixedRobotBackend]: [Hightorque] write flush/drain: tcdrain=called
[ros2_control_node-2] [INFO] [1774777896.602547340] [RealMixedRobotBackend]: [Yiyou] poll summary: poll_loops=17 last_fionread=0 window_expired_reason=window_no_data
[ros2_control_node-2] [INFO] [1774777896.602565651] [RealMixedRobotBackend]: [Yiyou] raw rx reg=alarm_0x15 raw_len=0 ascii='' hex=
[ros2_control_node-2] [WARN] [1774777896.602568701] [RealMixedRobotBackend]: [Yiyou] no reply reg=alarm_0x15
[ros2_control_node-2] [INFO] [1774777896.615858863] [RealMixedRobotBackend]: [Hightorque] poll summary: poll_loops=17 last_fionread=0 window_expired_reason=window_no_data
[ros2_control_node-2] [INFO] [1774777896.615876303] [RealMixedRobotBackend]: [Hightorque] classify=no_data
[ros2_control_node-2] [INFO] [1774777896.615895074] [RealMixedRobotBackend]: [Hightorque] set RTS/DTR active ok
[ros2_control_node-2] [INFO] [1774777896.615897894] [RealMixedRobotBackend]: [Hightorque] modem lines before_query: RTS=1 DTR=1 CTS=1 DSR=0 CD=0 RI=0
[ros2_control_node-2] [INFO] [1774777896.615902164] [RealMixedRobotBackend]: [Hightorque] reset_input_buffer=called reset_output_buffer=skipped
[ros2_control_node-2] [INFO] [1774777896.615939445] [RealMixedRobotBackend]: [Hightorque] write flush/drain: tcdrain=called
[ros2_control_node-2] [INFO] [1774777896.622659724] [RealMixedRobotBackend]: [Yiyou] raw tx reg=position_0x07 ascii='t00220307\r' hex=74 30 30 32 32 30 33 30 37 0D
[ros2_control_node-2] [INFO] [1774777896.622693055] [RealMixedRobotBackend]: [Yiyou] write flush/drain: tcdrain=called
[ros2_control_node-2] [INFO] [1774777896.698864843] [RealMixedRobotBackend]: [Hightorque] poll summary: poll_loops=17 last_fionread=0 window_expired_reason=window_no_data
[ros2_control_node-2] [INFO] [1774777896.698880663] [RealMixedRobotBackend]: [Hightorque] classify=no_data
[ros2_control_node-2] [INFO] [1774777896.705596521] [RealMixedRobotBackend]: [Yiyou] poll summary: poll_loops=17 last_fionread=0 window_expired_reason=window_no_data
[ros2_control_node-2] [INFO] [1774777896.705603222] [RealMixedRobotBackend]: [Yiyou] raw rx reg=position_0x07 raw_len=0 ascii='' hex=
[ros2_control_node-2] [WARN] [1774777896.705605512] [RealMixedRobotBackend]: [Yiyou] no reply reg=position_0x07
[ros2_control_node-2] [INFO] [1774777896.705621782] [RealMixedRobotBackend]: [Yiyou] raw tx reg=velocity_0x06 ascii='t00220306\r' hex=74 30 30 32 32 30 33 30 36 0D
[ros2_control_node-2] [INFO] [1774777896.705640623] [RealMixedRobotBackend]: [Yiyou] write flush/drain: tcdrain=called
[ros2_control_node-2] [INFO] [1774777896.708949590] [RealMixedRobotBackend]: [Hightorque] set RTS/DTR active ok
[ros2_control_node-2] [INFO] [1774777896.708952300] [RealMixedRobotBackend]: [Hightorque] modem lines before_query: RTS=1 DTR=1 CTS=1 DSR=0 CD=0 RI=0
[ros2_control_node-2] [INFO] [1774777896.708955710] [RealMixedRobotBackend]: [Hightorque] reset_input_buffer=called reset_output_buffer=skipped
[ros2_control_node-2] [INFO] [1774777896.708972011] [RealMixedRobotBackend]: [Hightorque] write flush/drain: tcdrain=called
[ros2_control_node-2] [INFO] [1774777896.788575170] [RealMixedRobotBackend]: [Yiyou] poll summary: poll_loops=17 last_fionread=0 window_expired_reason=window_no_data
[ros2_control_node-2] [INFO] [1774777896.788618521] [RealMixedRobotBackend]: [Yiyou] raw rx reg=velocity_0x06 raw_len=0 ascii='' hex=
[ros2_control_node-2] [WARN] [1774777896.788621021] [RealMixedRobotBackend]: [Yiyou] no reply reg=velocity_0x06
[ros2_control_node-2] [INFO] [1774777896.788638512] [RealMixedRobotBackend]: [Yiyou] raw tx reg=enable_0x10 ascii='t00220310\r' hex=74 30 30 32 32 30 33 31 30 0D
[ros2_control_node-2] [INFO] [1774777896.788660463] [RealMixedRobotBackend]: [Yiyou] write flush/drain: tcdrain=called
[ros2_control_node-2] [INFO] [1774777896.791914459] [RealMixedRobotBackend]: [Hightorque] poll summary: poll_loops=17 last_fionread=0 window_expired_reason=window_no_data
[ros2_control_node-2] [INFO] [1774777896.791926589] [RealMixedRobotBackend]: [Hightorque] classify=no_data
[ros2_control_node-2] [INFO] [1774777896.791942369] [RealMixedRobotBackend]: [Hightorque] set RTS/DTR active ok
[ros2_control_node-2] [INFO] [1774777896.791944769] [RealMixedRobotBackend]: [Hightorque] modem lines before_query: RTS=1 DTR=1 CTS=1 DSR=0 CD=0 RI=0
[ros2_control_node-2] [INFO] [1774777896.791948430] [RealMixedRobotBackend]: [Hightorque] reset_input_buffer=called reset_output_buffer=skipped
[ros2_control_node-2] [INFO] [1774777896.791978120] [RealMixedRobotBackend]: [Hightorque] write flush/drain: tcdrain=called
[ros2_control_node-2] [INFO] [1774777896.871603941] [RealMixedRobotBackend]: [Yiyou] poll summary: poll_loops=17 last_fionread=0 window_expired_reason=window_no_data
[ros2_control_node-2] [INFO] [1774777896.871627211] [RealMixedRobotBackend]: [Yiyou] raw rx reg=enable_0x10 raw_len=0 ascii='' hex=
[ros2_control_node-2] [WARN] [1774777896.871630761] [RealMixedRobotBackend]: [Yiyou] no reply reg=enable_0x10
[ros2_control_node-2] [INFO] [1774777896.871651562] [RealMixedRobotBackend]: [Yiyou] raw tx reg=alarm_0x15 ascii='t00220315\r' hex=74 30 30 32 32 30 33 31 35 0D
[ros2_control_node-2] [INFO] [1774777896.871675543] [RealMixedRobotBackend]: [Yiyou] write flush/drain: tcdrain=called
[ros2_control_node-2] [INFO] [1774777896.874920638] [RealMixedRobotBackend]: [Hightorque] poll summary: poll_loops=17 last_fionread=0 window_expired_reason=window_no_data
[ros2_control_node-2] [INFO] [1774777896.874934159] [RealMixedRobotBackend]: [Hightorque] classify=no_data
[ros2_control_node-2] [INFO] [1774777896.874953619] [RealMixedRobotBackend]: [Hightorque] set RTS/DTR active ok
[ros2_control_node-2] [INFO] [1774777896.874955929] [RealMixedRobotBackend]: [Hightorque] modem lines before_query: RTS=1 DTR=1 CTS=1 DSR=0 CD=0 RI=0
[ros2_control_node-2] [INFO] [1774777896.874959059] [RealMixedRobotBackend]: [Hightorque] reset_input_buffer=called reset_output_buffer=skipped
[ros2_control_node-2] [INFO] [1774777896.874987150] [RealMixedRobotBackend]: [Hightorque] write flush/drain: tcdrain=called
[ros2_control_node-2] [INFO] [1774777896.954596700] [RealMixedRobotBackend]: [Yiyou] poll summary: poll_loops=17 last_fionread=0 window_expired_reason=window_no_data
[ros2_control_node-2] [INFO] [1774777896.954615970] [RealMixedRobotBackend]: [Yiyou] raw rx reg=alarm_0x15 raw_len=0 ascii='' hex=
[ros2_control_node-2] [WARN] [1774777896.954618390] [RealMixedRobotBackend]: [Yiyou] no reply reg=alarm_0x15
[ros2_control_node-2] [INFO] [1774777896.957959359] [RealMixedRobotBackend]: [Hightorque] poll summary: poll_loops=17 last_fionread=0 window_expired_reason=window_no_data
[ros2_control_node-2] [INFO] [1774777896.957962909] [RealMixedRobotBackend]: [Hightorque] classify=no_data
[ros2_control_node-2] [INFO] [1774777896.957974689] [RealMixedRobotBackend]: [Hightorque] set RTS/DTR active ok
[ros2_control_node-2] [INFO] [1774777896.957976919] [RealMixedRobotBackend]: [Hightorque] modem lines before_query: RTS=1 DTR=1 CTS=1 DSR=0 CD=0 RI=0
[ros2_control_node-2] [INFO] [1774777896.957980299] [RealMixedRobotBackend]: [Hightorque] reset_input_buffer=called reset_output_buffer=skipped
[ros2_control_node-2] [INFO] [1774777896.958014290] [RealMixedRobotBackend]: [Hightorque] write flush/drain: tcdrain=called
[ros2_control_node-2] [INFO] [1774777896.974699533] [RealMixedRobotBackend]: [Yiyou] raw tx reg=position_0x07 ascii='t00220307\r' hex=74 30 30 32 32 30 33 30 37 0D
[ros2_control_node-2] [INFO] [1774777896.974726594] [RealMixedRobotBackend]: [Yiyou] write flush/drain: tcdrain=called
[ros2_control_node-2] [INFO] [1774777897.040967528] [RealMixedRobotBackend]: [Hightorque] poll summary: poll_loops=17 last_fionread=0 window_expired_reason=window_no_data
[ros2_control_node-2] [INFO] [1774777897.040988789] [RealMixedRobotBackend]: [Hightorque] classify=no_data
[ros2_control_node-2] [INFO] [1774777897.041008069] [RealMixedRobotBackend]: [Hightorque] set RTS/DTR active ok
[ros2_control_node-2] [INFO] [1774777897.041010269] [RealMixedRobotBackend]: [Hightorque] modem lines before_query: RTS=1 DTR=1 CTS=1 DSR=0 CD=0 RI=0
[ros2_control_node-2] [INFO] [1774777897.041035690] [RealMixedRobotBackend]: [Hightorque] reset_input_buffer=called reset_output_buffer=skipped
[ros2_control_node-2] [INFO] [1774777897.041072651] [RealMixedRobotBackend]: [Hightorque] write flush/drain: tcdrain=called
[ros2_control_node-2] [INFO] [1774777897.057657181] [RealMixedRobotBackend]: [Yiyou] poll summary: poll_loops=17 last_fionread=0 window_expired_reason=window_no_data
[ros2_control_node-2] [INFO] [1774777897.057670071] [RealMixedRobotBackend]: [Yiyou] raw rx reg=position_0x07 raw_len=0 ascii='' hex=
[ros2_control_node-2] [WARN] [1774777897.057672591] [RealMixedRobotBackend]: [Yiyou] no reply reg=position_0x07
[ros2_control_node-2] [INFO] [1774777897.057685611] [RealMixedRobotBackend]: [Yiyou] raw tx reg=velocity_0x06 ascii='t00220306\r' hex=74 30 30 32 32 30 33 30 36 0D
[ros2_control_node-2] [INFO] [1774777897.057704132] [RealMixedRobotBackend]: [Yiyou] write flush/drain: tcdrain=called
[ros2_control_node-2] [INFO] [1774777897.124028529] [RealMixedRobotBackend]: [Hightorque] poll summary: poll_loops=17 last_fionread=0 window_expired_reason=window_no_data
[ros2_control_node-2] [INFO] [1774777897.124044199] [RealMixedRobotBackend]: [Hightorque] classify=no_data
[ros2_control_node-2] [INFO] [1774777897.134116816] [RealMixedRobotBackend]: [Hightorque] set RTS/DTR active ok
[ros2_control_node-2] [INFO] [1774777897.134126636] [RealMixedRobotBackend]: [Hightorque] modem lines before_query: RTS=1 DTR=1 CTS=1 DSR=0 CD=0 RI=0
[ros2_control_node-2] [INFO] [1774777897.134130506] [RealMixedRobotBackend]: [Hightorque] reset_input_buffer=called reset_output_buffer=skipped
[ros2_control_node-2] [INFO] [1774777897.134162897] [RealMixedRobotBackend]: [Hightorque] write flush/drain: tcdrain=called
[ros2_control_node-2] [INFO] [1774777897.140609528] [RealMixedRobotBackend]: [Yiyou] poll summary: poll_loops=17 last_fionread=0 window_expired_reason=window_no_data
[ros2_control_node-2] [INFO] [1774777897.140620488] [RealMixedRobotBackend]: [Yiyou] raw rx reg=velocity_0x06 raw_len=0 ascii='' hex=
[ros2_control_node-2] [WARN] [1774777897.140623218] [RealMixedRobotBackend]: [Yiyou] no reply reg=velocity_0x06
[ros2_control_node-2] [INFO] [1774777897.140637079] [RealMixedRobotBackend]: [Yiyou] raw tx reg=enable_0x10 ascii='t00220310\r' hex=74 30 30 32 32 30 33 31 30 0D
[ros2_control_node-2] [INFO] [1774777897.140649959] [RealMixedRobotBackend]: [Yiyou] write flush/drain: tcdrain=called
[ros2_control_node-2] [INFO] [1774777897.217106944] [RealMixedRobotBackend]: [Hightorque] poll summary: poll_loops=17 last_fionread=0 window_expired_reason=window_no_data
[ros2_control_node-2] [INFO] [1774777897.217123035] [RealMixedRobotBackend]: [Hightorque] classify=no_data
[ros2_control_node-2] [INFO] [1774777897.217138795] [RealMixedRobotBackend]: [Hightorque] set RTS/DTR active ok
[ros2_control_node-2] [INFO] [1774777897.217141195] [RealMixedRobotBackend]: [Hightorque] modem lines before_query: RTS=1 DTR=1 CTS=1 DSR=0 CD=0 RI=0
[ros2_control_node-2] [INFO] [1774777897.217144595] [RealMixedRobotBackend]: [Hightorque] reset_input_buffer=called reset_output_buffer=skipped
[ros2_control_node-2] [INFO] [1774777897.217173796] [RealMixedRobotBackend]: [Hightorque] write flush/drain: tcdrain=called
[ros2_control_node-2] [INFO] [1774777897.223596366] [RealMixedRobotBackend]: [Yiyou] poll summary: poll_loops=17 last_fionread=0 window_expired_reason=window_no_data
[ros2_control_node-2] [INFO] [1774777897.223605016] [RealMixedRobotBackend]: [Yiyou] raw rx reg=enable_0x10 raw_len=0 ascii='' hex=
[ros2_control_node-2] [WARN] [1774777897.223607606] [RealMixedRobotBackend]: [Yiyou] no reply reg=enable_0x10
[ros2_control_node-2] [INFO] [1774777897.223615916] [RealMixedRobotBackend]: [Yiyou] raw tx reg=alarm_0x15 ascii='t00220315\r' hex=74 30 30 32 32 30 33 31 35 0D
[ros2_control_node-2] [INFO] [1774777897.223632327] [RealMixedRobotBackend]: [Yiyou] write flush/drain: tcdrain=called
[ros2_control_node-2] [INFO] [1774777897.300126193] [RealMixedRobotBackend]: [Hightorque] poll summary: poll_loops=17 last_fionread=0 window_expired_reason=window_no_data
[ros2_control_node-2] [INFO] [1774777897.300143644] [RealMixedRobotBackend]: [Hightorque] classify=no_data
[ros2_control_node-2] [INFO] [1774777897.300162445] [RealMixedRobotBackend]: [Hightorque] set RTS/DTR active ok
[ros2_control_node-2] [INFO] [1774777897.300164565] [RealMixedRobotBackend]: [Hightorque] modem lines before_query: RTS=1 DTR=1 CTS=1 DSR=0 CD=0 RI=0
[ros2_control_node-2] [INFO] [1774777897.300168315] [RealMixedRobotBackend]: [Hightorque] reset_input_buffer=called reset_output_buffer=skipped
[ros2_control_node-2] [INFO] [1774777897.300204666] [RealMixedRobotBackend]: [Hightorque] write flush/drain: tcdrain=called
[ros2_control_node-2] [INFO] [1774777897.306546283] [RealMixedRobotBackend]: [Yiyou] poll summary: poll_loops=17 last_fionread=0 window_expired_reason=window_no_data
[ros2_control_node-2] [INFO] [1774777897.306570423] [RealMixedRobotBackend]: [Yiyou] raw rx reg=alarm_0x15 raw_len=0 ascii='' hex=
[ros2_control_node-2] [WARN] [1774777897.306573164] [RealMixedRobotBackend]: [Yiyou] no reply reg=alarm_0x15
[ros2_control_node-2] [INFO] [1774777897.326653296] [RealMixedRobotBackend]: [Yiyou] raw tx reg=position_0x07 ascii='t00220307\r' hex=74 30 30 32 32 30 33 30 37 0D
[ros2_control_node-2] [INFO] [1774777897.326675387] [RealMixedRobotBackend]: [Yiyou] write flush/drain: tcdrain=called
[ros2_control_node-2] [INFO] [1774777897.383125082] [RealMixedRobotBackend]: [Hightorque] poll summary: poll_loops=17 last_fionread=0 window_expired_reason=window_no_data
[ros2_control_node-2] [INFO] [1774777897.383140402] [RealMixedRobotBackend]: [Hightorque] classify=no_data
[ros2_control_node-2] [INFO] [1774777897.383155863] [RealMixedRobotBackend]: [Hightorque] set RTS/DTR active ok
[ros2_control_node-2] [INFO] [1774777897.383158883] [RealMixedRobotBackend]: [Hightorque] modem lines before_query: RTS=1 DTR=1 CTS=1 DSR=0 CD=0 RI=0
[ros2_control_node-2] [INFO] [1774777897.383163033] [RealMixedRobotBackend]: [Hightorque] reset_input_buffer=called reset_output_buffer=skipped
[ros2_control_node-2] [INFO] [1774777897.383195004] [RealMixedRobotBackend]: [Hightorque] write flush/drain: tcdrain=called
[ros2_control_node-2] [INFO] [1774777897.409600113] [RealMixedRobotBackend]: [Yiyou] poll summary: poll_loops=17 last_fionread=0 window_expired_reason=window_no_data
[ros2_control_node-2] [INFO] [1774777897.409611253] [RealMixedRobotBackend]: [Yiyou] raw rx reg=position_0x07 raw_len=0 ascii='' hex=
[ros2_control_node-2] [WARN] [1774777897.409613573] [RealMixedRobotBackend]: [Yiyou] no reply reg=position_0x07
[ros2_control_node-2] [INFO] [1774777897.409624164] [RealMixedRobotBackend]: [Yiyou] raw tx reg=velocity_0x06 ascii='t00220306\r' hex=74 30 30 32 32 30 33 30 36 0D
[ros2_control_node-2] [INFO] [1774777897.409641754] [RealMixedRobotBackend]: [Yiyou] write flush/drain: tcdrain=called
[ros2_control_node-2] [INFO] [1774777897.466251444] [RealMixedRobotBackend]: [Hightorque] poll summary: poll_loops=17 last_fionread=0 window_expired_reason=window_no_data
[ros2_control_node-2] [INFO] [1774777897.466263424] [RealMixedRobotBackend]: [Hightorque] classify=no_data
[ros2_control_node-2] [INFO] [1774777897.466277815] [RealMixedRobotBackend]: [Hightorque] set RTS/DTR active ok
[ros2_control_node-2] [INFO] [1774777897.466280875] [RealMixedRobotBackend]: [Hightorque] modem lines before_query: RTS=1 DTR=1 CTS=1 DSR=0 CD=0 RI=0
[ros2_control_node-2] [INFO] [1774777897.466285025] [RealMixedRobotBackend]: [Hightorque] reset_input_buffer=called reset_output_buffer=skipped
[ros2_control_node-2] [INFO] [1774777897.466313646] [RealMixedRobotBackend]: [Hightorque] write flush/drain: tcdrain=called
[ros2_control_node-2] [INFO] [1774777897.492582801] [RealMixedRobotBackend]: [Yiyou] poll summary: poll_loops=17 last_fionread=0 window_expired_reason=window_no_data
[ros2_control_node-2] [INFO] [1774777897.492593861] [RealMixedRobotBackend]: [Yiyou] raw rx reg=velocity_0x06 raw_len=0 ascii='' hex=
[ros2_control_node-2] [WARN] [1774777897.492596401] [RealMixedRobotBackend]: [Yiyou] no reply reg=velocity_0x06
[ros2_control_node-2] [INFO] [1774777897.492605892] [RealMixedRobotBackend]: [Yiyou] raw tx reg=enable_0x10 ascii='t00220310\r' hex=74 30 30 32 32 30 33 31 30 0D
[ros2_control_node-2] [INFO] [1774777897.492622672] [RealMixedRobotBackend]: [Yiyou] write flush/drain: tcdrain=called
[ros2_control_node-2] [INFO] [1774777897.549287224] [RealMixedRobotBackend]: [Hightorque] poll summary: poll_loops=17 last_fionread=0 window_expired_reason=window_no_data
[ros2_control_node-2] [INFO] [1774777897.549299474] [RealMixedRobotBackend]: [Hightorque] classify=no_data
[ros2_control_node-2] [INFO] [1774777897.559342491] [RealMixedRobotBackend]: [Hightorque] set RTS/DTR active ok
[ros2_control_node-2] [INFO] [1774777897.559349421] [RealMixedRobotBackend]: [Hightorque] modem lines before_query: RTS=1 DTR=1 CTS=1 DSR=0 CD=0 RI=0
[ros2_control_node-2] [INFO] [1774777897.559353761] [RealMixedRobotBackend]: [Hightorque] reset_input_buffer=called reset_output_buffer=skipped
[ros2_control_node-2] [INFO] [1774777897.559377302] [RealMixedRobotBackend]: [Hightorque] write flush/drain: tcdrain=called
[ros2_control_node-2] [INFO] [1774777897.575574789] [RealMixedRobotBackend]: [Yiyou] poll summary: poll_loops=17 last_fionread=0 window_expired_reason=window_no_data
[ros2_control_node-2] [INFO] [1774777897.575583679] [RealMixedRobotBackend]: [Yiyou] raw rx reg=enable_0x10 raw_len=0 ascii='' hex=
[ros2_control_node-2] [WARN] [1774777897.575586799] [RealMixedRobotBackend]: [Yiyou] no reply reg=enable_0x10
[ros2_control_node-2] [INFO] [1774777897.575596570] [RealMixedRobotBackend]: [Yiyou] raw tx reg=alarm_0x15 ascii='t00220315\r' hex=74 30 30 32 32 30 33 31 35 0D
[ros2_control_node-2] [INFO] [1774777897.575627411] [RealMixedRobotBackend]: [Yiyou] write flush/drain: tcdrain=called
[ros2_control_node-2] [INFO] [1774777897.642336339] [RealMixedRobotBackend]: [Hightorque] poll summary: poll_loops=17 last_fionread=0 window_expired_reason=window_no_data
[ros2_control_node-2] [INFO] [1774777897.642348629] [RealMixedRobotBackend]: [Hightorque] classify=no_data
[ros2_control_node-2] [INFO] [1774777897.642361339] [RealMixedRobotBackend]: [Hightorque] set RTS/DTR active ok
[ros2_control_node-2] [INFO] [1774777897.642363669] [RealMixedRobotBackend]: [Hightorque] modem lines before_query: RTS=1 DTR=1 CTS=1 DSR=0 CD=0 RI=0
[ros2_control_node-2] [INFO] [1774777897.642367450] [RealMixedRobotBackend]: [Hightorque] reset_input_buffer=called reset_output_buffer=skipped
[ros2_control_node-2] [INFO] [1774777897.642393690] [RealMixedRobotBackend]: [Hightorque] write flush/drain: tcdrain=called
[ros2_control_node-2] [INFO] [1774777897.658547867] [RealMixedRobotBackend]: [Yiyou] poll summary: poll_loops=17 last_fionread=0 window_expired_reason=window_no_data
[ros2_control_node-2] [INFO] [1774777897.658560667] [RealMixedRobotBackend]: [Yiyou] raw rx reg=alarm_0x15 raw_len=0 ascii='' hex=
[ros2_control_node-2] [WARN] [1774777897.658563327] [RealMixedRobotBackend]: [Yiyou] no reply reg=alarm_0x15
[ros2_control_node-2] [INFO] [1774777897.678642650] [RealMixedRobotBackend]: [Yiyou] raw tx reg=position_0x07 ascii='t00220307\r' hex=74 30 30 32 32 30 33 30 37 0D
[ros2_control_node-2] [INFO] [1774777897.678664130] [RealMixedRobotBackend]: [Yiyou] write flush/drain: tcdrain=called
[ros2_control_node-2] [INFO] [1774777897.725366868] [RealMixedRobotBackend]: [Hightorque] poll summary: poll_loops=17 last_fionread=0 window_expired_reason=window_no_data
[ros2_control_node-2] [INFO] [1774777897.725375808] [RealMixedRobotBackend]: [Hightorque] classify=no_data
[ros2_control_node-2] [INFO] [1774777897.725387389] [RealMixedRobotBackend]: [Hightorque] set RTS/DTR active ok
[ros2_control_node-2] [INFO] [1774777897.725389749] [RealMixedRobotBackend]: [Hightorque] modem lines before_query: RTS=1 DTR=1 CTS=1 DSR=0 CD=0 RI=0
[ros2_control_node-2] [INFO] [1774777897.725392789] [RealMixedRobotBackend]: [Hightorque] reset_input_buffer=called reset_output_buffer=skipped
[ros2_control_node-2] [INFO] [1774777897.725417819] [RealMixedRobotBackend]: [Hightorque] write flush/drain: tcdrain=called
[ros2_control_node-2] [INFO] [1774777897.761599237] [RealMixedRobotBackend]: [Yiyou] poll summary: poll_loops=17 last_fionread=0 window_expired_reason=window_no_data
[ros2_control_node-2] [INFO] [1774777897.761607597] [RealMixedRobotBackend]: [Yiyou] raw rx reg=position_0x07 raw_len=0 ascii='' hex=
[ros2_control_node-2] [WARN] [1774777897.761609867] [RealMixedRobotBackend]: [Yiyou] no reply reg=position_0x07
[ros2_control_node-2] [INFO] [1774777897.761618607] [RealMixedRobotBackend]: [Yiyou] raw tx reg=velocity_0x06 ascii='t00220306\r' hex=74 30 30 32 32 30 33 30 36 0D
[ros2_control_node-2] [INFO] [1774777897.761635878] [RealMixedRobotBackend]: [Yiyou] write flush/drain: tcdrain=called
[ros2_control_node-2] [INFO] [1774777897.808336966] [RealMixedRobotBackend]: [Hightorque] poll summary: poll_loops=17 last_fionread=0 window_expired_reason=window_no_data
[ros2_control_node-2] [INFO] [1774777897.808344986] [RealMixedRobotBackend]: [Hightorque] classify=no_data
[ros2_control_node-2] [INFO] [1774777897.808355976] [RealMixedRobotBackend]: [Hightorque] set RTS/DTR active ok
[ros2_control_node-2] [INFO] [1774777897.808358296] [RealMixedRobotBackend]: [Hightorque] modem lines before_query: RTS=1 DTR=1 CTS=1 DSR=0 CD=0 RI=0
[ros2_control_node-2] [INFO] [1774777897.808360717] [RealMixedRobotBackend]: [Hightorque] reset_input_buffer=called reset_output_buffer=skipped
[ros2_control_node-2] [INFO] [1774777897.808382207] [RealMixedRobotBackend]: [Hightorque] write flush/drain: tcdrain=called
[ros2_control_node-2] [INFO] [1774777897.844571965] [RealMixedRobotBackend]: [Yiyou] poll summary: poll_loops=17 last_fionread=0 window_expired_reason=window_no_data
[ros2_control_node-2] [INFO] [1774777897.844582985] [RealMixedRobotBackend]: [Yiyou] raw rx reg=velocity_0x06 raw_len=0 ascii='' hex=
[ros2_control_node-2] [WARN] [1774777897.844585415] [RealMixedRobotBackend]: [Yiyou] no reply reg=velocity_0x06
[ros2_control_node-2] [INFO] [1774777897.844595735] [RealMixedRobotBackend]: [Yiyou] raw tx reg=enable_0x10 ascii='t00220310\r' hex=74 30 30 32 32 30 33 31 30 0D
[ros2_control_node-2] [INFO] [1774777897.844613456] [RealMixedRobotBackend]: [Yiyou] write flush/drain: tcdrain=called
[ros2_control_node-2] [INFO] [1774777897.891297303] [RealMixedRobotBackend]: [Hightorque] poll summary: poll_loops=17 last_fionread=0 window_expired_reason=window_no_data
[ros2_control_node-2] [INFO] [1774777897.891308303] [RealMixedRobotBackend]: [Hightorque] classify=no_data
[ros2_control_node-2] [INFO] [1774777897.891341704] [RealMixedRobotBackend]: [Hightorque] set RTS/DTR active ok
[ros2_control_node-2] [INFO] [1774777897.891344174] [RealMixedRobotBackend]: [Hightorque] modem lines before_query: RTS=1 DTR=1 CTS=1 DSR=0 CD=0 RI=0
[ros2_control_node-2] [INFO] [1774777897.891347145] [RealMixedRobotBackend]: [Hightorque] reset_input_buffer=called reset_output_buffer=skipped
[ros2_control_node-2] [INFO] [1774777897.891367955] [RealMixedRobotBackend]: [Hightorque] write flush/drain: tcdrain=called
[ros2_control_node-2] [INFO] [1774777897.927549372] [RealMixedRobotBackend]: [Yiyou] poll summary: poll_loops=17 last_fionread=0 window_expired_reason=window_no_data
[ros2_control_node-2] [INFO] [1774777897.927557143] [RealMixedRobotBackend]: [Yiyou] raw rx reg=enable_0x10 raw_len=0 ascii='' hex=
[ros2_control_node-2] [WARN] [1774777897.927559443] [RealMixedRobotBackend]: [Yiyou] no reply reg=enable_0x10
[ros2_control_node-2] [INFO] [1774777897.927567523] [RealMixedRobotBackend]: [Yiyou] raw tx reg=alarm_0x15 ascii='t00220315\r' hex=74 30 30 32 32 30 33 31 35 0D
[ros2_control_node-2] [INFO] [1774777897.927582833] [RealMixedRobotBackend]: [Yiyou] write flush/drain: tcdrain=called
[ros2_control_node-2] [INFO] [1774777897.974333822] [RealMixedRobotBackend]: [Hightorque] poll summary: poll_loops=17 last_fionread=0 window_expired_reason=window_no_data
[ros2_control_node-2] [INFO] [1774777897.974345503] [RealMixedRobotBackend]: [Hightorque] classify=no_data
[rviz2-9] [ERROR] [1774777897.981969058] [moveit_3414343551.moveit.ros.motion_planning_frame]: Action server: /recognize_objects not available
[ros2_control_node-2] [INFO] [1774777897.984414730] [RealMixedRobotBackend]: [Hightorque] set RTS/DTR active ok
[ros2_control_node-2] [INFO] [1774777897.984422100] [RealMixedRobotBackend]: [Hightorque] modem lines before_query: RTS=1 DTR=1 CTS=1 DSR=0 CD=0 RI=0
[ros2_control_node-2] [INFO] [1774777897.984425690] [RealMixedRobotBackend]: [Hightorque] reset_input_buffer=called reset_output_buffer=skipped
[ros2_control_node-2] [INFO] [1774777897.984452301] [RealMixedRobotBackend]: [Hightorque] write flush/drain: tcdrain=called
[rviz2-9] [INFO] [1774777897.988943643] [moveit_3414343551.moveit.ros.motion_planning_frame]: MoveGroup namespace changed: / -> . Reloading params.
[ros2_control_node-2] [INFO] [1774777898.010509320] [RealMixedRobotBackend]: [Yiyou] poll summary: poll_loops=17 last_fionread=0 window_expired_reason=window_no_data
[ros2_control_node-2] [INFO] [1774777898.010536270] [RealMixedRobotBackend]: [Yiyou] raw rx reg=alarm_0x15 raw_len=0 ascii='' hex=
[ros2_control_node-2] [WARN] [1774777898.010540471] [RealMixedRobotBackend]: [Yiyou] no reply reg=alarm_0x15
[ros2_control_node-2] [INFO] [1774777898.030635563] [RealMixedRobotBackend]: [Yiyou] raw tx reg=position_0x07 ascii='t00220307\r' hex=74 30 30 32 32 30 33 30 37 0D
[ros2_control_node-2] [INFO] [1774777898.030674094] [RealMixedRobotBackend]: [Yiyou] write flush/drain: tcdrain=called
[rviz2-9] [INFO] [1774777898.056574928] [moveit_3414343551.moveit.ros.rdf_loader]: Loaded robot model in 0.0317273 seconds
[rviz2-9] [INFO] [1774777898.056614499] [moveit_3414343551.moveit.core.robot_model]: Loading robot model 'robot_arm'...
[ros2_control_node-2] [INFO] [1774777898.067451259] [RealMixedRobotBackend]: [Hightorque] poll summary: poll_loops=17 last_fionread=0 window_expired_reason=window_no_data
[ros2_control_node-2] [INFO] [1774777898.067469839] [RealMixedRobotBackend]: [Hightorque] classify=no_data
[ros2_control_node-2] [INFO] [1774777898.067501030] [RealMixedRobotBackend]: [Hightorque] set RTS/DTR active ok
[ros2_control_node-2] [INFO] [1774777898.067503270] [RealMixedRobotBackend]: [Hightorque] modem lines before_query: RTS=1 DTR=1 CTS=1 DSR=0 CD=0 RI=0
[ros2_control_node-2] [INFO] [1774777898.067507620] [RealMixedRobotBackend]: [Hightorque] reset_input_buffer=called reset_output_buffer=skipped
[ros2_control_node-2] [INFO] [1774777898.067540721] [RealMixedRobotBackend]: [Hightorque] write flush/drain: tcdrain=called
[ros2_control_node-2] [INFO] [1774777898.113522687] [RealMixedRobotBackend]: [Yiyou] poll summary: poll_loops=17 last_fionread=0 window_expired_reason=window_no_data
[ros2_control_node-2] [INFO] [1774777898.113545288] [RealMixedRobotBackend]: [Yiyou] raw rx reg=position_0x07 raw_len=0 ascii='' hex=
[ros2_control_node-2] [WARN] [1774777898.113548388] [RealMixedRobotBackend]: [Yiyou] no reply reg=position_0x07
[ros2_control_node-2] [INFO] [1774777898.113570909] [RealMixedRobotBackend]: [Yiyou] raw tx reg=velocity_0x06 ascii='t00220306\r' hex=74 30 30 32 32 30 33 30 36 0D
[ros2_control_node-2] [INFO] [1774777898.113592059] [RealMixedRobotBackend]: [Yiyou] write flush/drain: tcdrain=called
[ros2_control_node-2] [INFO] [1774777898.150471667] [RealMixedRobotBackend]: read_all_joint_states: cycle=400 completed for 6 joints (cache snapshot only; no serial IO in read path)
[ros2_control_node-2] [INFO] [1774777898.150494318] [RobotArmHardwareSystem]: read: cycle=400 updated joint state buffer for 6 joints
[ros2_control_node-2] [INFO] [1774777898.150504698] [RealMixedRobotBackend]: [Hightorque] poll summary: poll_loops=17 last_fionread=0 window_expired_reason=window_no_data
[ros2_control_node-2] [INFO] [1774777898.150516428] [RealMixedRobotBackend]: [Hightorque] classify=no_data
[ros2_control_node-2] [INFO] [1774777898.150552529] [RealMixedRobotBackend]: [Hightorque] set RTS/DTR active ok
[ros2_control_node-2] [INFO] [1774777898.150555139] [RealMixedRobotBackend]: [Hightorque] modem lines before_query: RTS=1 DTR=1 CTS=1 DSR=0 CD=0 RI=0
[ros2_control_node-2] [INFO] [1774777898.150559660] [RealMixedRobotBackend]: [Hightorque] reset_input_buffer=called reset_output_buffer=skipped
[ros2_control_node-2] [INFO] [1774777898.150600501] [RealMixedRobotBackend]: [Hightorque] write flush/drain: tcdrain=called
[ros2_control_node-2] [INFO] [1774777898.170575400] [RealMixedRobotBackend]: hightorque_tx_loop: cycle=200 jobs=0 total_us=0
[rviz2-9] [INFO] [1774777898.171060604] [moveit_3414343551.moveit.kinematics.kdl_kinematics_plugin]: Joint weights for group 'arm': 1 1 1 1 1 1
[ros2_control_node-2] [INFO] [1774777898.196509005] [RealMixedRobotBackend]: [Yiyou] poll summary: poll_loops=17 last_fionread=0 window_expired_reason=window_no_data
[ros2_control_node-2] [INFO] [1774777898.196539145] [RealMixedRobotBackend]: [Yiyou] raw rx reg=velocity_0x06 raw_len=0 ascii='' hex=
[ros2_control_node-2] [WARN] [1774777898.196543316] [RealMixedRobotBackend]: [Yiyou] no reply reg=velocity_0x06
[ros2_control_node-2] [INFO] [1774777898.196576947] [RealMixedRobotBackend]: [Yiyou] raw tx reg=enable_0x10 ascii='t00220310\r' hex=74 30 30 32 32 30 33 31 30 0D
[ros2_control_node-2] [INFO] [1774777898.196601557] [RealMixedRobotBackend]: [Yiyou] write flush/drain: tcdrain=called
[ros2_control_node-2] [INFO] [1774777898.233551987] [RealMixedRobotBackend]: [Hightorque] poll summary: poll_loops=17 last_fionread=0 window_expired_reason=window_no_data
[ros2_control_node-2] [INFO] [1774777898.233573397] [RealMixedRobotBackend]: [Hightorque] classify=no_data
[ros2_control_node-2] [INFO] [1774777898.233598438] [RealMixedRobotBackend]: [Hightorque] set RTS/DTR active ok
[ros2_control_node-2] [INFO] [1774777898.233600888] [RealMixedRobotBackend]: [Hightorque] modem lines before_query: RTS=1 DTR=1 CTS=1 DSR=0 CD=0 RI=0
[ros2_control_node-2] [INFO] [1774777898.233604758] [RealMixedRobotBackend]: [Hightorque] reset_input_buffer=called reset_output_buffer=skipped
[ros2_control_node-2] [INFO] [1774777898.233644289] [RealMixedRobotBackend]: [Hightorque] write flush/drain: tcdrain=called
[ros2_control_node-2] [INFO] [1774777898.279505672] [RealMixedRobotBackend]: [Yiyou] poll summary: poll_loops=17 last_fionread=0 window_expired_reason=window_no_data
[ros2_control_node-2] [INFO] [1774777898.279530233] [RealMixedRobotBackend]: [Yiyou] raw rx reg=enable_0x10 raw_len=0 ascii='' hex=
[ros2_control_node-2] [WARN] [1774777898.279532993] [RealMixedRobotBackend]: [Yiyou] no reply reg=enable_0x10
[ros2_control_node-2] [INFO] [1774777898.279554783] [RealMixedRobotBackend]: [Yiyou] raw tx reg=alarm_0x15 ascii='t00220315\r' hex=74 30 30 32 32 30 33 31 35 0D
[ros2_control_node-2] [INFO] [1774777898.279571914] [RealMixedRobotBackend]: [Yiyou] write flush/drain: tcdrain=called
[ros2_control_node-2] [INFO] [1774777898.316550604] [RealMixedRobotBackend]: [Hightorque] poll summary: poll_loops=17 last_fionread=0 window_expired_reason=window_no_data
[ros2_control_node-2] [INFO] [1774777898.316572275] [RealMixedRobotBackend]: [Hightorque] classify=no_data
[ros2_control_node-2] [INFO] [1774777898.316599966] [RealMixedRobotBackend]: [Hightorque] set RTS/DTR active ok
[ros2_control_node-2] [INFO] [1774777898.316602796] [RealMixedRobotBackend]: [Hightorque] modem lines before_query: RTS=1 DTR=1 CTS=1 DSR=0 CD=0 RI=0
[ros2_control_node-2] [INFO] [1774777898.316607156] [RealMixedRobotBackend]: [Hightorque] reset_input_buffer=called reset_output_buffer=skipped
[ros2_control_node-2] [INFO] [1774777898.316646147] [RealMixedRobotBackend]: [Hightorque] write flush/drain: tcdrain=called
[ros2_control_node-2] [INFO] [1774777898.362446688] [RealMixedRobotBackend]: [Yiyou] poll summary: poll_loops=17 last_fionread=0 window_expired_reason=window_no_data
[ros2_control_node-2] [INFO] [1774777898.362467298] [RealMixedRobotBackend]: [Yiyou] raw rx reg=alarm_0x15 raw_len=0 ascii='' hex=
[ros2_control_node-2] [WARN] [1774777898.362469958] [RealMixedRobotBackend]: [Yiyou] no reply reg=alarm_0x15
[ros2_control_node-2] [INFO] [1774777898.382568601] [RealMixedRobotBackend]: [Yiyou] raw tx reg=position_0x07 ascii='t00220307\r' hex=74 30 30 32 32 30 33 30 37 0D
[ros2_control_node-2] [INFO] [1774777898.382604692] [RealMixedRobotBackend]: [Yiyou] write flush/drain: tcdrain=called
[ros2_control_node-2] [INFO] [1774777898.399607474] [RealMixedRobotBackend]: [Hightorque] poll summary: poll_loops=17 last_fionread=0 window_expired_reason=window_no_data
[ros2_control_node-2] [INFO] [1774777898.399625754] [RealMixedRobotBackend]: [Hightorque] classify=no_data
[ros2_control_node-2] [INFO] [1774777898.409711441] [RealMixedRobotBackend]: [Hightorque] set RTS/DTR active ok
[ros2_control_node-2] [INFO] [1774777898.409726872] [RealMixedRobotBackend]: [Hightorque] modem lines before_query: RTS=1 DTR=1 CTS=1 DSR=0 CD=0 RI=0
[ros2_control_node-2] [INFO] [1774777898.409754203] [RealMixedRobotBackend]: [Hightorque] reset_input_buffer=called reset_output_buffer=skipped
[ros2_control_node-2] [INFO] [1774777898.409795254] [RealMixedRobotBackend]: [Hightorque] write flush/drain: tcdrain=called
[ros2_control_node-2] [INFO] [1774777898.465560588] [RealMixedRobotBackend]: [Yiyou] poll summary: poll_loops=17 last_fionread=0 window_expired_reason=window_no_data
[ros2_control_node-2] [INFO] [1774777898.465582649] [RealMixedRobotBackend]: [Yiyou] raw rx reg=position_0x07 raw_len=0 ascii='' hex=
[ros2_control_node-2] [WARN] [1774777898.465585749] [RealMixedRobotBackend]: [Yiyou] no reply reg=position_0x07
[ros2_control_node-2] [INFO] [1774777898.465605279] [RealMixedRobotBackend]: [Yiyou] raw tx reg=velocity_0x06 ascii='t00220306\r' hex=74 30 30 32 32 30 33 30 36 0D
[ros2_control_node-2] [INFO] [1774777898.465625630] [RealMixedRobotBackend]: [Yiyou] write flush/drain: tcdrain=called
[ros2_control_node-2] [INFO] [1774777898.492765440] [RealMixedRobotBackend]: [Hightorque] poll summary: poll_loops=17 last_fionread=0 window_expired_reason=window_no_data
[ros2_control_node-2] [INFO] [1774777898.492782481] [RealMixedRobotBackend]: [Hightorque] classify=no_data
[ros2_control_node-2] [INFO] [1774777898.492799021] [RealMixedRobotBackend]: [Hightorque] set RTS/DTR active ok
[ros2_control_node-2] [INFO] [1774777898.492801031] [RealMixedRobotBackend]: [Hightorque] modem lines before_query: RTS=1 DTR=1 CTS=1 DSR=0 CD=0 RI=0
[ros2_control_node-2] [INFO] [1774777898.492804992] [RealMixedRobotBackend]: [Hightorque] reset_input_buffer=called reset_output_buffer=skipped
[ros2_control_node-2] [INFO] [1774777898.492839623] [RealMixedRobotBackend]: [Hightorque] write flush/drain: tcdrain=called
[ros2_control_node-2] [INFO] [1774777898.548549956] [RealMixedRobotBackend]: [Yiyou] poll summary: poll_loops=17 last_fionread=0 window_expired_reason=window_no_data
[ros2_control_node-2] [INFO] [1774777898.548571346] [RealMixedRobotBackend]: [Yiyou] raw rx reg=velocity_0x06 raw_len=0 ascii='' hex=
[ros2_control_node-2] [WARN] [1774777898.548574626] [RealMixedRobotBackend]: [Yiyou] no reply reg=velocity_0x06
[ros2_control_node-2] [INFO] [1774777898.548594217] [RealMixedRobotBackend]: [Yiyou] raw tx reg=enable_0x10 ascii='t00220310\r' hex=74 30 30 32 32 30 33 31 30 0D
[ros2_control_node-2] [INFO] [1774777898.548617128] [RealMixedRobotBackend]: [Yiyou] write flush/drain: tcdrain=called
[ros2_control_node-2] [INFO] [1774777898.575779819] [RealMixedRobotBackend]: [Hightorque] poll summary: poll_loops=17 last_fionread=0 window_expired_reason=window_no_data
[ros2_control_node-2] [INFO] [1774777898.575800859] [RealMixedRobotBackend]: [Hightorque] classify=no_data
[ros2_control_node-2] [INFO] [1774777898.575822810] [RealMixedRobotBackend]: [Hightorque] set RTS/DTR active ok
[ros2_control_node-2] [INFO] [1774777898.575825630] [RealMixedRobotBackend]: [Hightorque] modem lines before_query: RTS=1 DTR=1 CTS=1 DSR=0 CD=0 RI=0
[ros2_control_node-2] [INFO] [1774777898.575830130] [RealMixedRobotBackend]: [Hightorque] reset_input_buffer=called reset_output_buffer=skipped
[ros2_control_node-2] [INFO] [1774777898.575872451] [RealMixedRobotBackend]: [Hightorque] write flush/drain: tcdrain=called
[ros2_control_node-2] [INFO] [1774777898.631550873] [RealMixedRobotBackend]: [Yiyou] poll summary: poll_loops=17 last_fionread=0 window_expired_reason=window_no_data
[ros2_control_node-2] [INFO] [1774777898.631572104] [RealMixedRobotBackend]: [Yiyou] raw rx reg=enable_0x10 raw_len=0 ascii='' hex=
[ros2_control_node-2] [WARN] [1774777898.631574834] [RealMixedRobotBackend]: [Yiyou] no reply reg=enable_0x10
[ros2_control_node-2] [INFO] [1774777898.631594274] [RealMixedRobotBackend]: [Yiyou] raw tx reg=alarm_0x15 ascii='t00220315\r' hex=74 30 30 32 32 30 33 31 35 0D
[ros2_control_node-2] [INFO] [1774777898.631613015] [RealMixedRobotBackend]: [Yiyou] write flush/drain: tcdrain=called
[ros2_control_node-2] [INFO] [1774777898.658846068] [RealMixedRobotBackend]: [Hightorque] poll summary: poll_loops=17 last_fionread=0 window_expired_reason=window_no_data
[ros2_control_node-2] [INFO] [1774777898.658862588] [RealMixedRobotBackend]: [Hightorque] classify=no_data
[ros2_control_node-2] [INFO] [1774777898.658878819] [RealMixedRobotBackend]: [Hightorque] set RTS/DTR active ok
[ros2_control_node-2] [INFO] [1774777898.658880869] [RealMixedRobotBackend]: [Hightorque] modem lines before_query: RTS=1 DTR=1 CTS=1 DSR=0 CD=0 RI=0
[ros2_control_node-2] [INFO] [1774777898.658884549] [RealMixedRobotBackend]: [Hightorque] reset_input_buffer=called reset_output_buffer=skipped
[ros2_control_node-2] [INFO] [1774777898.658917570] [RealMixedRobotBackend]: [Hightorque] write flush/drain: tcdrain=called
[rviz2-9] [INFO] [1774777898.665309749] [moveit_3414343551.moveit.ros.planning_scene_monitor]: Starting planning scene monitor
[rviz2-9] [INFO] [1774777898.665835764] [moveit_3414343551.moveit.ros.planning_scene_monitor]: Listening to '/monitored_planning_scene'
[ros2_control_node-2] [INFO] [1774777898.714513219] [RealMixedRobotBackend]: [Yiyou] poll summary: poll_loops=17 last_fionread=0 window_expired_reason=window_no_data
[ros2_control_node-2] [INFO] [1774777898.714565591] [RealMixedRobotBackend]: [Yiyou] raw rx reg=alarm_0x15 raw_len=0 ascii='' hex=
[ros2_control_node-2] [WARN] [1774777898.714569121] [RealMixedRobotBackend]: [Yiyou] no reply reg=alarm_0x15
[ros2_control_node-2] [INFO] [1774777898.734673844] [RealMixedRobotBackend]: [Yiyou] raw tx reg=position_0x07 ascii='t00220307\r' hex=74 30 30 32 32 30 33 30 37 0D
[ros2_control_node-2] [INFO] [1774777898.734711595] [RealMixedRobotBackend]: [Yiyou] write flush/drain: tcdrain=called
[ros2_control_node-2] [INFO] [1774777898.741866326] [RealMixedRobotBackend]: [Hightorque] poll summary: poll_loops=17 last_fionread=0 window_expired_reason=window_no_data
[ros2_control_node-2] [INFO] [1774777898.741884137] [RealMixedRobotBackend]: [Hightorque] classify=no_data
[ros2_control_node-2] [INFO] [1774777898.741904787] [RealMixedRobotBackend]: [Hightorque] set RTS/DTR active ok
[ros2_control_node-2] [INFO] [1774777898.741906827] [RealMixedRobotBackend]: [Hightorque] modem lines before_query: RTS=1 DTR=1 CTS=1 DSR=0 CD=0 RI=0
[ros2_control_node-2] [INFO] [1774777898.741910577] [RealMixedRobotBackend]: [Hightorque] reset_input_buffer=called reset_output_buffer=skipped
[ros2_control_node-2] [INFO] [1774777898.741945819] [RealMixedRobotBackend]: [Hightorque] write flush/drain: tcdrain=called
[rviz2-9] [INFO] [1774777898.814039894] [interactive_marker_display_98328551699104]: Connected on namespace: /rviz_moveit_motion_planning_display/robot_interaction_interactive_marker_topic
[rviz2-9] [INFO] [1774777898.817170707] [moveit_3414343551.moveit.ros.motion_planning_frame]: group arm
[rviz2-9] [INFO] [1774777898.817188717] [moveit_3414343551.moveit.ros.motion_planning_frame]: Constructing new MoveGroup connection for group 'arm' in namespace ''
[ros2_control_node-2] [INFO] [1774777898.817667451] [RealMixedRobotBackend]: [Yiyou] poll summary: poll_loops=17 last_fionread=0 window_expired_reason=window_no_data
[ros2_control_node-2] [INFO] [1774777898.817701912] [RealMixedRobotBackend]: [Yiyou] raw rx reg=position_0x07 raw_len=0 ascii='' hex=
[ros2_control_node-2] [WARN] [1774777898.817707252] [RealMixedRobotBackend]: [Yiyou] no reply reg=position_0x07
[ros2_control_node-2] [INFO] [1774777898.817736453] [RealMixedRobotBackend]: [Yiyou] raw tx reg=velocity_0x06 ascii='t00220306\r' hex=74 30 30 32 32 30 33 30 36 0D
[ros2_control_node-2] [INFO] [1774777898.817764764] [RealMixedRobotBackend]: [Yiyou] write flush/drain: tcdrain=called
[rviz2-9] [INFO] [1774777898.821784883] [moveit_3414343551.moveit.ros.move_group_interface]: Ready to take commands for planning group arm.
[rviz2-9] [INFO] [1774777898.822281457] [moveit_3414343551.moveit.ros.motion_planning_frame]: group arm
[ros2_control_node-2] [INFO] [1774777898.824930105] [RealMixedRobotBackend]: [Hightorque] poll summary: poll_loops=17 last_fionread=0 window_expired_reason=window_no_data
[ros2_control_node-2] [INFO] [1774777898.824944186] [RealMixedRobotBackend]: [Hightorque] classify=no_data
[rviz2-9] [INFO] [1774777898.830266693] [interactive_marker_display_98328551699104]: Sending request for interactive markers
[ros2_control_node-2] [INFO] [1774777898.835033603] [RealMixedRobotBackend]: [Hightorque] set RTS/DTR active ok
[ros2_control_node-2] [INFO] [1774777898.835045164] [RealMixedRobotBackend]: [Hightorque] modem lines before_query: RTS=1 DTR=1 CTS=1 DSR=0 CD=0 RI=0
[ros2_control_node-2] [INFO] [1774777898.835049414] [RealMixedRobotBackend]: [Hightorque] reset_input_buffer=called reset_output_buffer=skipped
[ros2_control_node-2] [INFO] [1774777898.835085605] [RealMixedRobotBackend]: [Hightorque] write flush/drain: tcdrain=called
[rviz2-9] [INFO] [1774777898.865372788] [interactive_marker_display_98328551699104]: Service response received for initialization
[ros2_control_node-2] [INFO] [1774777898.900741321] [RealMixedRobotBackend]: [Yiyou] poll summary: poll_loops=17 last_fionread=0 window_expired_reason=window_no_data
[ros2_control_node-2] [INFO] [1774777898.900763812] [RealMixedRobotBackend]: [Yiyou] raw rx reg=velocity_0x06 raw_len=0 ascii='' hex=
[ros2_control_node-2] [WARN] [1774777898.900766582] [RealMixedRobotBackend]: [Yiyou] no reply reg=velocity_0x06
[ros2_control_node-2] [INFO] [1774777898.900787332] [RealMixedRobotBackend]: [Yiyou] raw tx reg=enable_0x10 ascii='t00220310\r' hex=74 30 30 32 32 30 33 31 30 0D
[ros2_control_node-2] [INFO] [1774777898.900808513] [RealMixedRobotBackend]: [Yiyou] write flush/drain: tcdrain=called
[ros2_control_node-2] [INFO] [1774777898.918024071] [RealMixedRobotBackend]: [Hightorque] poll summary: poll_loops=17 last_fionread=0 window_expired_reason=window_no_data
[ros2_control_node-2] [INFO] [1774777898.918041751] [RealMixedRobotBackend]: [Hightorque] classify=no_data
[ros2_control_node-2] [INFO] [1774777898.918060752] [RealMixedRobotBackend]: [Hightorque] set RTS/DTR active ok
[ros2_control_node-2] [INFO] [1774777898.918062992] [RealMixedRobotBackend]: [Hightorque] modem lines before_query: RTS=1 DTR=1 CTS=1 DSR=0 CD=0 RI=0
[ros2_control_node-2] [INFO] [1774777898.918066792] [RealMixedRobotBackend]: [Hightorque] reset_input_buffer=called reset_output_buffer=skipped
[ros2_control_node-2] [INFO] [1774777898.918096973] [RealMixedRobotBackend]: [Hightorque] write flush/drain: tcdrain=called
[ros2_control_node-2] [INFO] [1774777898.983710138] [RealMixedRobotBackend]: [Yiyou] poll summary: poll_loops=17 last_fionread=0 window_expired_reason=window_no_data
[ros2_control_node-2] [INFO] [1774777898.983729488] [RealMixedRobotBackend]: [Yiyou] raw rx reg=enable_0x10 raw_len=0 ascii='' hex=
[ros2_control_node-2] [WARN] [1774777898.983731998] [RealMixedRobotBackend]: [Yiyou] no reply reg=enable_0x10
[ros2_control_node-2] [INFO] [1774777898.983749659] [RealMixedRobotBackend]: [Yiyou] raw tx reg=alarm_0x15 ascii='t00220315\r' hex=74 30 30 32 32 30 33 31 35 0D
[ros2_control_node-2] [INFO] [1774777898.983769589] [RealMixedRobotBackend]: [Yiyou] write flush/drain: tcdrain=called
[ros2_control_node-2] [INFO] [1774777899.000988387] [RealMixedRobotBackend]: [Hightorque] poll summary: poll_loops=17 last_fionread=0 window_expired_reason=window_no_data
[ros2_control_node-2] [INFO] [1774777899.001003248] [RealMixedRobotBackend]: [Hightorque] classify=no_data
[ros2_control_node-2] [INFO] [1774777899.001019028] [RealMixedRobotBackend]: [Hightorque] set RTS/DTR active ok
[ros2_control_node-2] [INFO] [1774777899.001021188] [RealMixedRobotBackend]: [Hightorque] modem lines before_query: RTS=1 DTR=1 CTS=1 DSR=0 CD=0 RI=0
[ros2_control_node-2] [INFO] [1774777899.001024708] [RealMixedRobotBackend]: [Hightorque] reset_input_buffer=called reset_output_buffer=skipped
[ros2_control_node-2] [INFO] [1774777899.001055389] [RealMixedRobotBackend]: [Hightorque] write flush/drain: tcdrain=called
[ros2_control_node-2] [INFO] [1774777899.066724675] [RealMixedRobotBackend]: [Yiyou] poll summary: poll_loops=17 last_fionread=0 window_expired_reason=window_no_data
[ros2_control_node-2] [INFO] [1774777899.066745705] [RealMixedRobotBackend]: [Yiyou] raw rx reg=alarm_0x15 raw_len=0 ascii='' hex=
[ros2_control_node-2] [WARN] [1774777899.066748315] [RealMixedRobotBackend]: [Yiyou] no reply reg=alarm_0x15
[ros2_control_node-2] [INFO] [1774777899.083991294] [RealMixedRobotBackend]: [Hightorque] poll summary: poll_loops=17 last_fionread=0 window_expired_reason=window_no_data
[ros2_control_node-2] [INFO] [1774777899.084013434] [RealMixedRobotBackend]: [Hightorque] classify=no_data
[ros2_control_node-2] [INFO] [1774777899.084035075] [RealMixedRobotBackend]: [Hightorque] set RTS/DTR active ok
[ros2_control_node-2] [INFO] [1774777899.084037565] [RealMixedRobotBackend]: [Hightorque] modem lines before_query: RTS=1 DTR=1 CTS=1 DSR=0 CD=0 RI=0
[ros2_control_node-2] [INFO] [1774777899.084042315] [RealMixedRobotBackend]: [Hightorque] reset_input_buffer=called reset_output_buffer=skipped
[ros2_control_node-2] [INFO] [1774777899.084084446] [RealMixedRobotBackend]: [Hightorque] write flush/drain: tcdrain=called
[ros2_control_node-2] [INFO] [1774777899.086859178] [RealMixedRobotBackend]: [Yiyou] raw tx reg=position_0x07 ascii='t00220307\r' hex=74 30 30 32 32 30 33 30 37 0D
[ros2_control_node-2] [INFO] [1774777899.086884489] [RealMixedRobotBackend]: [Yiyou] write flush/drain: tcdrain=called
[ros2_control_node-2] [INFO] [1774777899.167023061] [RealMixedRobotBackend]: [Hightorque] poll summary: poll_loops=17 last_fionread=0 window_expired_reason=window_no_data
[ros2_control_node-2] [INFO] [1774777899.167039662] [RealMixedRobotBackend]: [Hightorque] classify=no_data
[ros2_control_node-2] [INFO] [1774777899.167056222] [RealMixedRobotBackend]: [Hightorque] set RTS/DTR active ok
[ros2_control_node-2] [INFO] [1774777899.167058262] [RealMixedRobotBackend]: [Hightorque] modem lines before_query: RTS=1 DTR=1 CTS=1 DSR=0 CD=0 RI=0
[ros2_control_node-2] [INFO] [1774777899.167062122] [RealMixedRobotBackend]: [Hightorque] reset_input_buffer=called reset_output_buffer=skipped
[ros2_control_node-2] [INFO] [1774777899.167094783] [RealMixedRobotBackend]: [Hightorque] write flush/drain: tcdrain=called
[ros2_control_node-2] [INFO] [1774777899.169812593] [RealMixedRobotBackend]: [Yiyou] poll summary: poll_loops=17 last_fionread=0 window_expired_reason=window_no_data
[ros2_control_node-2] [INFO] [1774777899.169822604] [RealMixedRobotBackend]: [Yiyou] raw rx reg=position_0x07 raw_len=0 ascii='' hex=
[ros2_control_node-2] [WARN] [1774777899.169825684] [RealMixedRobotBackend]: [Yiyou] no reply reg=position_0x07
[ros2_control_node-2] [INFO] [1774777899.169835274] [RealMixedRobotBackend]: [Yiyou] raw tx reg=velocity_0x06 ascii='t00220306\r' hex=74 30 30 32 32 30 33 30 36 0D
[ros2_control_node-2] [INFO] [1774777899.169851335] [RealMixedRobotBackend]: [Yiyou] write flush/drain: tcdrain=called
[ros2_control_node-2] [INFO] [1774777899.250035948] [RealMixedRobotBackend]: [Hightorque] poll summary: poll_loops=17 last_fionread=0 window_expired_reason=window_no_data
[ros2_control_node-2] [INFO] [1774777899.250055209] [RealMixedRobotBackend]: [Hightorque] classify=no_data
[ros2_control_node-2] [INFO] [1774777899.252787739] [RealMixedRobotBackend]: [Yiyou] poll summary: poll_loops=17 last_fionread=0 window_expired_reason=window_no_data
[ros2_control_node-2] [INFO] [1774777899.252801950] [RealMixedRobotBackend]: [Yiyou] raw rx reg=velocity_0x06 raw_len=0 ascii='' hex=
[ros2_control_node-2] [WARN] [1774777899.252804520] [RealMixedRobotBackend]: [Yiyou] no reply reg=velocity_0x06
[ros2_control_node-2] [INFO] [1774777899.252824190] [RealMixedRobotBackend]: [Yiyou] raw tx reg=enable_0x10 ascii='t00220310\r' hex=74 30 30 32 32 30 33 31 30 0D
[ros2_control_node-2] [INFO] [1774777899.252840961] [RealMixedRobotBackend]: [Yiyou] write flush/drain: tcdrain=called
[ros2_control_node-2] [INFO] [1774777899.260137896] [RealMixedRobotBackend]: [Hightorque] set RTS/DTR active ok
[ros2_control_node-2] [INFO] [1774777899.260149006] [RealMixedRobotBackend]: [Hightorque] modem lines before_query: RTS=1 DTR=1 CTS=1 DSR=0 CD=0 RI=0
[ros2_control_node-2] [INFO] [1774777899.260154206] [RealMixedRobotBackend]: [Hightorque] reset_input_buffer=called reset_output_buffer=skipped
[ros2_control_node-2] [INFO] [1774777899.260188537] [RealMixedRobotBackend]: [Hightorque] write flush/drain: tcdrain=called
[ros2_control_node-2] [INFO] [1774777899.335913569] [RealMixedRobotBackend]: [Yiyou] poll summary: poll_loops=17 last_fionread=0 window_expired_reason=window_no_data
[ros2_control_node-2] [INFO] [1774777899.335931330] [RealMixedRobotBackend]: [Yiyou] raw rx reg=enable_0x10 raw_len=0 ascii='' hex=
[ros2_control_node-2] [WARN] [1774777899.335933870] [RealMixedRobotBackend]: [Yiyou] no reply reg=enable_0x10
[ros2_control_node-2] [INFO] [1774777899.335949011] [RealMixedRobotBackend]: [Yiyou] raw tx reg=alarm_0x15 ascii='t00220315\r' hex=74 30 30 32 32 30 33 31 35 0D
[ros2_control_node-2] [INFO] [1774777899.335969151] [RealMixedRobotBackend]: [Yiyou] write flush/drain: tcdrain=called
[ros2_control_node-2] [INFO] [1774777899.343109371] [RealMixedRobotBackend]: [Hightorque] poll summary: poll_loops=17 last_fionread=0 window_expired_reason=window_no_data
[ros2_control_node-2] [INFO] [1774777899.343138952] [RealMixedRobotBackend]: [Hightorque] classify=no_data
[ros2_control_node-2] [INFO] [1774777899.343155783] [RealMixedRobotBackend]: [Hightorque] set RTS/DTR active ok
[ros2_control_node-2] [INFO] [1774777899.343157793] [RealMixedRobotBackend]: [Hightorque] modem lines before_query: RTS=1 DTR=1 CTS=1 DSR=0 CD=0 RI=0
[ros2_control_node-2] [INFO] [1774777899.343161413] [RealMixedRobotBackend]: [Hightorque] reset_input_buffer=called reset_output_buffer=skipped
[ros2_control_node-2] [INFO] [1774777899.343188824] [RealMixedRobotBackend]: [Hightorque] write flush/drain: tcdrain=called
[ros2_control_node-2] [INFO] [1774777899.418820543] [RealMixedRobotBackend]: [Yiyou] poll summary: poll_loops=17 last_fionread=0 window_expired_reason=window_no_data
[ros2_control_node-2] [INFO] [1774777899.418842224] [RealMixedRobotBackend]: [Yiyou] raw rx reg=alarm_0x15 raw_len=0 ascii='' hex=
[ros2_control_node-2] [WARN] [1774777899.418845494] [RealMixedRobotBackend]: [Yiyou] no reply reg=alarm_0x15
[ros2_control_node-2] [INFO] [1774777899.426116148] [RealMixedRobotBackend]: [Hightorque] poll summary: poll_loops=17 last_fionread=0 window_expired_reason=window_no_data
[ros2_control_node-2] [INFO] [1774777899.426130929] [RealMixedRobotBackend]: [Hightorque] classify=no_data
[ros2_control_node-2] [INFO] [1774777899.426150619] [RealMixedRobotBackend]: [Hightorque] set RTS/DTR active ok
[ros2_control_node-2] [INFO] [1774777899.426152920] [RealMixedRobotBackend]: [Hightorque] modem lines before_query: RTS=1 DTR=1 CTS=1 DSR=0 CD=0 RI=0
[ros2_control_node-2] [INFO] [1774777899.426156690] [RealMixedRobotBackend]: [Hightorque] reset_input_buffer=called reset_output_buffer=skipped
[ros2_control_node-2] [INFO] [1774777899.426193561] [RealMixedRobotBackend]: [Hightorque] write flush/drain: tcdrain=called
[ros2_control_node-2] [INFO] [1774777899.438930556] [RealMixedRobotBackend]: [Yiyou] raw tx reg=position_0x07 ascii='t00220307\r' hex=74 30 30 32 32 30 33 30 37 0D
[ros2_control_node-2] [INFO] [1774777899.438958627] [RealMixedRobotBackend]: [Yiyou] write flush/drain: tcdrain=called
[ros2_control_node-2] [INFO] [1774777899.509119245] [RealMixedRobotBackend]: [Hightorque] poll summary: poll_loops=17 last_fionread=0 window_expired_reason=window_no_data
[ros2_control_node-2] [INFO] [1774777899.509137726] [RealMixedRobotBackend]: [Hightorque] classify=no_data
[ros2_control_node-2] [INFO] [1774777899.509155686] [RealMixedRobotBackend]: [Hightorque] set RTS/DTR active ok
[ros2_control_node-2] [INFO] [1774777899.509157956] [RealMixedRobotBackend]: [Hightorque] modem lines before_query: RTS=1 DTR=1 CTS=1 DSR=0 CD=0 RI=0
[ros2_control_node-2] [INFO] [1774777899.509162216] [RealMixedRobotBackend]: [Hightorque] reset_input_buffer=called reset_output_buffer=skipped
[ros2_control_node-2] [INFO] [1774777899.509195767] [RealMixedRobotBackend]: [Hightorque] write flush/drain: tcdrain=called
[ros2_control_node-2] [INFO] [1774777899.521916612] [RealMixedRobotBackend]: [Yiyou] poll summary: poll_loops=17 last_fionread=0 window_expired_reason=window_no_data
[ros2_control_node-2] [INFO] [1774777899.521930483] [RealMixedRobotBackend]: [Yiyou] raw rx reg=position_0x07 raw_len=0 ascii='' hex=
[ros2_control_node-2] [WARN] [1774777899.521933273] [RealMixedRobotBackend]: [Yiyou] no reply reg=position_0x07
[ros2_control_node-2] [INFO] [1774777899.521946333] [RealMixedRobotBackend]: [Yiyou] raw tx reg=velocity_0x06 ascii='t00220306\r' hex=74 30 30 32 32 30 33 30 36 0D
[ros2_control_node-2] [INFO] [1774777899.521964304] [RealMixedRobotBackend]: [Yiyou] write flush/drain: tcdrain=called
[ros2_control_node-2] [INFO] [1774777899.592075410] [RealMixedRobotBackend]: [Hightorque] poll summary: poll_loops=17 last_fionread=0 window_expired_reason=window_no_data
[ros2_control_node-2] [INFO] [1774777899.592094651] [RealMixedRobotBackend]: [Hightorque] classify=no_data
[ros2_control_node-2] [INFO] [1774777899.592113231] [RealMixedRobotBackend]: [Hightorque] set RTS/DTR active ok
[ros2_control_node-2] [INFO] [1774777899.592115451] [RealMixedRobotBackend]: [Hightorque] modem lines before_query: RTS=1 DTR=1 CTS=1 DSR=0 CD=0 RI=0
[ros2_control_node-2] [INFO] [1774777899.592119422] [RealMixedRobotBackend]: [Hightorque] reset_input_buffer=called reset_output_buffer=skipped
[ros2_control_node-2] [INFO] [1774777899.592156803] [RealMixedRobotBackend]: [Hightorque] write flush/drain: tcdrain=called
[ros2_control_node-2] [INFO] [1774777899.604865187] [RealMixedRobotBackend]: [Yiyou] poll summary: poll_loops=17 last_fionread=0 window_expired_reason=window_no_data
[ros2_control_node-2] [INFO] [1774777899.604879588] [RealMixedRobotBackend]: [Yiyou] raw rx reg=velocity_0x06 raw_len=0 ascii='' hex=
[ros2_control_node-2] [WARN] [1774777899.604882178] [RealMixedRobotBackend]: [Yiyou] no reply reg=velocity_0x06
[ros2_control_node-2] [INFO] [1774777899.604911149] [RealMixedRobotBackend]: [Yiyou] raw tx reg=enable_0x10 ascii='t00220310\r' hex=74 30 30 32 32 30 33 31 30 0D
[ros2_control_node-2] [INFO] [1774777899.604929259] [RealMixedRobotBackend]: [Yiyou] write flush/drain: tcdrain=called
[ros2_control_node-2] [INFO] [1774777899.675157969] [RealMixedRobotBackend]: [Hightorque] poll summary: poll_loops=17 last_fionread=0 window_expired_reason=window_no_data
[ros2_control_node-2] [INFO] [1774777899.675180600] [RealMixedRobotBackend]: [Hightorque] classify=no_data
[ros2_control_node-2] [INFO] [1774777899.685261947] [RealMixedRobotBackend]: [Hightorque] set RTS/DTR active ok
[ros2_control_node-2] [INFO] [1774777899.685274067] [RealMixedRobotBackend]: [Hightorque] modem lines before_query: RTS=1 DTR=1 CTS=1 DSR=0 CD=0 RI=0
[ros2_control_node-2] [INFO] [1774777899.685278877] [RealMixedRobotBackend]: [Hightorque] reset_input_buffer=called reset_output_buffer=skipped
[ros2_control_node-2] [INFO] [1774777899.685318329] [RealMixedRobotBackend]: [Hightorque] write flush/drain: tcdrain=called
[ros2_control_node-2] [INFO] [1774777899.687860724] [RealMixedRobotBackend]: [Yiyou] poll summary: poll_loops=17 last_fionread=0 window_expired_reason=window_no_data
[ros2_control_node-2] [INFO] [1774777899.687872144] [RealMixedRobotBackend]: [Yiyou] raw rx reg=enable_0x10 raw_len=0 ascii='' hex=
[ros2_control_node-2] [WARN] [1774777899.687875154] [RealMixedRobotBackend]: [Yiyou] no reply reg=enable_0x10
[ros2_control_node-2] [INFO] [1774777899.687886354] [RealMixedRobotBackend]: [Yiyou] raw tx reg=alarm_0x15 ascii='t00220315\r' hex=74 30 30 32 32 30 33 31 35 0D
[ros2_control_node-2] [INFO] [1774777899.687902735] [RealMixedRobotBackend]: [Yiyou] write flush/drain: tcdrain=called
[ros2_control_node-2] [INFO] [1774777899.768305385] [RealMixedRobotBackend]: [Hightorque] poll summary: poll_loops=17 last_fionread=0 window_expired_reason=window_no_data
[ros2_control_node-2] [INFO] [1774777899.768322165] [RealMixedRobotBackend]: [Hightorque] classify=no_data
[ros2_control_node-2] [INFO] [1774777899.768344056] [RealMixedRobotBackend]: [Hightorque] set RTS/DTR active ok
[ros2_control_node-2] [INFO] [1774777899.768346286] [RealMixedRobotBackend]: [Hightorque] modem lines before_query: RTS=1 DTR=1 CTS=1 DSR=0 CD=0 RI=0
[ros2_control_node-2] [INFO] [1774777899.768350156] [RealMixedRobotBackend]: [Hightorque] reset_input_buffer=called reset_output_buffer=skipped
[ros2_control_node-2] [INFO] [1774777899.768382977] [RealMixedRobotBackend]: [Hightorque] write flush/drain: tcdrain=called
[ros2_control_node-2] [INFO] [1774777899.770879071] [RealMixedRobotBackend]: [Yiyou] poll summary: poll_loops=17 last_fionread=0 window_expired_reason=window_no_data
[ros2_control_node-2] [INFO] [1774777899.770892891] [RealMixedRobotBackend]: [Yiyou] raw rx reg=alarm_0x15 raw_len=0 ascii='' hex=
[ros2_control_node-2] [WARN] [1774777899.770896261] [RealMixedRobotBackend]: [Yiyou] no reply reg=alarm_0x15
[ros2_control_node-2] [INFO] [1774777899.790987113] [RealMixedRobotBackend]: [Yiyou] raw tx reg=position_0x07 ascii='t00220307\r' hex=74 30 30 32 32 30 33 30 37 0D
[ros2_control_node-2] [INFO] [1774777899.791021354] [RealMixedRobotBackend]: [Yiyou] write flush/drain: tcdrain=called
[ros2_control_node-2] [INFO] [1774777899.851389184] [RealMixedRobotBackend]: [Hightorque] poll summary: poll_loops=17 last_fionread=0 window_expired_reason=window_no_data
[ros2_control_node-2] [INFO] [1774777899.851410164] [RealMixedRobotBackend]: [Hightorque] classify=no_data
[ros2_control_node-2] [INFO] [1774777899.851429765] [RealMixedRobotBackend]: [Hightorque] set RTS/DTR active ok
[ros2_control_node-2] [INFO] [1774777899.851432705] [RealMixedRobotBackend]: [Hightorque] modem lines before_query: RTS=1 DTR=1 CTS=1 DSR=0 CD=0 RI=0
[ros2_control_node-2] [INFO] [1774777899.851437275] [RealMixedRobotBackend]: [Hightorque] reset_input_buffer=called reset_output_buffer=skipped
[ros2_control_node-2] [INFO] [1774777899.851476486] [RealMixedRobotBackend]: [Hightorque] write flush/drain: tcdrain=called
[ros2_control_node-2] [INFO] [1774777899.873991560] [RealMixedRobotBackend]: [Yiyou] poll summary: poll_loops=17 last_fionread=0 window_expired_reason=window_no_data
[ros2_control_node-2] [INFO] [1774777899.874007851] [RealMixedRobotBackend]: [Yiyou] raw rx reg=position_0x07 raw_len=0 ascii='' hex=
[ros2_control_node-2] [WARN] [1774777899.874010721] [RealMixedRobotBackend]: [Yiyou] no reply reg=position_0x07
[ros2_control_node-2] [INFO] [1774777899.874027331] [RealMixedRobotBackend]: [Yiyou] raw tx reg=velocity_0x06 ascii='t00220306\r' hex=74 30 30 32 32 30 33 30 36 0D
[ros2_control_node-2] [INFO] [1774777899.874046312] [RealMixedRobotBackend]: [Yiyou] write flush/drain: tcdrain=called
[ros2_control_node-2] [INFO] [1774777899.934442172] [RealMixedRobotBackend]: [Hightorque] poll summary: poll_loops=17 last_fionread=0 window_expired_reason=window_no_data
[ros2_control_node-2] [INFO] [1774777899.934485803] [RealMixedRobotBackend]: [Hightorque] classify=no_data
[ros2_control_node-2] [INFO] [1774777899.934507474] [RealMixedRobotBackend]: [Hightorque] set RTS/DTR active ok
[ros2_control_node-2] [INFO] [1774777899.934510714] [RealMixedRobotBackend]: [Hightorque] modem lines before_query: RTS=1 DTR=1 CTS=1 DSR=0 CD=0 RI=0
[ros2_control_node-2] [INFO] [1774777899.934515154] [RealMixedRobotBackend]: [Hightorque] reset_input_buffer=called reset_output_buffer=skipped
[ros2_control_node-2] [INFO] [1774777899.934552545] [RealMixedRobotBackend]: [Hightorque] write flush/drain: tcdrain=called
[ros2_control_node-2] [INFO] [1774777899.956969476] [RealMixedRobotBackend]: [Yiyou] poll summary: poll_loops=17 last_fionread=0 window_expired_reason=window_no_data
[ros2_control_node-2] [INFO] [1774777899.956990727] [RealMixedRobotBackend]: [Yiyou] raw rx reg=velocity_0x06 raw_len=0 ascii='' hex=
[ros2_control_node-2] [WARN] [1774777899.956994057] [RealMixedRobotBackend]: [Yiyou] no reply reg=velocity_0x06
[ros2_control_node-2] [INFO] [1774777899.957016567] [RealMixedRobotBackend]: [Yiyou] raw tx reg=enable_0x10 ascii='t00220310\r' hex=74 30 30 32 32 30 33 31 30 0D
[ros2_control_node-2] [INFO] [1774777899.957038738] [RealMixedRobotBackend]: [Yiyou] write flush/drain: tcdrain=called
[ros2_control_node-2] [INFO] [1774777900.017492110] [RealMixedRobotBackend]: [Hightorque] poll summary: poll_loops=17 last_fionread=0 window_expired_reason=window_no_data
[ros2_control_node-2] [INFO] [1774777900.017511220] [RealMixedRobotBackend]: [Hightorque] classify=no_data
[ros2_control_node-2] [INFO] [1774777900.017528551] [RealMixedRobotBackend]: [Hightorque] set RTS/DTR active ok
[ros2_control_node-2] [INFO] [1774777900.017530651] [RealMixedRobotBackend]: [Hightorque] modem lines before_query: RTS=1 DTR=1 CTS=1 DSR=0 CD=0 RI=0
[ros2_control_node-2] [INFO] [1774777900.017534691] [RealMixedRobotBackend]: [Hightorque] reset_input_buffer=called reset_output_buffer=skipped
[ros2_control_node-2] [INFO] [1774777900.017569692] [RealMixedRobotBackend]: [Hightorque] write flush/drain: tcdrain=called
[ros2_control_node-2] [INFO] [1774777900.040010273] [RealMixedRobotBackend]: [Yiyou] poll summary: poll_loops=17 last_fionread=0 window_expired_reason=window_no_data
[ros2_control_node-2] [INFO] [1774777900.040030434] [RealMixedRobotBackend]: [Yiyou] raw rx reg=enable_0x10 raw_len=0 ascii='' hex=
[ros2_control_node-2] [WARN] [1774777900.040034254] [RealMixedRobotBackend]: [Yiyou] no reply reg=enable_0x10
[ros2_control_node-2] [INFO] [1774777900.040052964] [RealMixedRobotBackend]: [Yiyou] raw tx reg=alarm_0x15 ascii='t00220315\r' hex=74 30 30 32 32 30 33 31 35 0D
[ros2_control_node-2] [INFO] [1774777900.040070195] [RealMixedRobotBackend]: [Yiyou] write flush/drain: tcdrain=called
[ros2_control_node-2] [INFO] [1774777900.100513506] [RealMixedRobotBackend]: [Hightorque] poll summary: poll_loops=17 last_fionread=0 window_expired_reason=window_no_data
[ros2_control_node-2] [INFO] [1774777900.100540527] [RealMixedRobotBackend]: [Hightorque] classify=no_data
[ros2_control_node-2] [INFO] [1774777900.110616483] [RealMixedRobotBackend]: [Hightorque] set RTS/DTR active ok
[ros2_control_node-2] [INFO] [1774777900.110625534] [RealMixedRobotBackend]: [Hightorque] modem lines before_query: RTS=1 DTR=1 CTS=1 DSR=0 CD=0 RI=0
[ros2_control_node-2] [INFO] [1774777900.110629174] [RealMixedRobotBackend]: [Hightorque] reset_input_buffer=called reset_output_buffer=skipped
[ros2_control_node-2] [INFO] [1774777900.110669115] [RealMixedRobotBackend]: [Hightorque] write flush/drain: tcdrain=called
[ros2_control_node-2] [INFO] [1774777900.122979208] [RealMixedRobotBackend]: [Yiyou] poll summary: poll_loops=17 last_fionread=0 window_expired_reason=window_no_data
[ros2_control_node-2] [INFO] [1774777900.122996108] [RealMixedRobotBackend]: [Yiyou] raw rx reg=alarm_0x15 raw_len=0 ascii='' hex=
[ros2_control_node-2] [WARN] [1774777900.122999488] [RealMixedRobotBackend]: [Yiyou] no reply reg=alarm_0x15
[ros2_control_node-2] [INFO] [1774777900.143086310] [RealMixedRobotBackend]: [Yiyou] raw tx reg=position_0x07 ascii='t00220307\r' hex=74 30 30 32 32 30 33 30 37 0D
[ros2_control_node-2] [INFO] [1774777900.143119441] [RealMixedRobotBackend]: [Yiyou] write flush/drain: tcdrain=called
[ros2_control_node-2] [INFO] [1774777900.150463507] [RealMixedRobotBackend]: read_all_joint_states: cycle=600 completed for 6 joints (cache snapshot only; no serial IO in read path)
[ros2_control_node-2] [INFO] [1774777900.150475118] [RobotArmHardwareSystem]: read: cycle=600 updated joint state buffer for 6 joints
[ros2_control_node-2] [INFO] [1774777900.177174555] [RealMixedRobotBackend]: hightorque_tx_loop: cycle=300 jobs=0 total_us=0
[ros2_control_node-2] [INFO] [1774777900.193627389] [RealMixedRobotBackend]: [Hightorque] poll summary: poll_loops=17 last_fionread=0 window_expired_reason=window_no_data
[ros2_control_node-2] [INFO] [1774777900.193638940] [RealMixedRobotBackend]: [Hightorque] classify=no_data
[ros2_control_node-2] [INFO] [1774777900.193655620] [RealMixedRobotBackend]: [Hightorque] set RTS/DTR active ok
[ros2_control_node-2] [INFO] [1774777900.193657870] [RealMixedRobotBackend]: [Hightorque] modem lines before_query: RTS=1 DTR=1 CTS=1 DSR=0 CD=0 RI=0
[ros2_control_node-2] [INFO] [1774777900.193661200] [RealMixedRobotBackend]: [Hightorque] reset_input_buffer=called reset_output_buffer=skipped
[ros2_control_node-2] [INFO] [1774777900.193693181] [RealMixedRobotBackend]: [Hightorque] write flush/drain: tcdrain=called
[ros2_control_node-2] [INFO] [1774777900.226018484] [RealMixedRobotBackend]: [Yiyou] poll summary: poll_loops=17 last_fionread=0 window_expired_reason=window_no_data
[ros2_control_node-2] [INFO] [1774777900.226030564] [RealMixedRobotBackend]: [Yiyou] raw rx reg=position_0x07 raw_len=0 ascii='' hex=
[ros2_control_node-2] [WARN] [1774777900.226033064] [RealMixedRobotBackend]: [Yiyou] no reply reg=position_0x07
[ros2_control_node-2] [INFO] [1774777900.226047355] [RealMixedRobotBackend]: [Yiyou] raw tx reg=velocity_0x06 ascii='t00220306\r' hex=74 30 30 32 32 30 33 30 36 0D
[ros2_control_node-2] [INFO] [1774777900.226064445] [RealMixedRobotBackend]: [Yiyou] write flush/drain: tcdrain=called
[ros2_control_node-2] [INFO] [1774777900.276617065] [RealMixedRobotBackend]: [Hightorque] poll summary: poll_loops=17 last_fionread=0 window_expired_reason=window_no_data
[ros2_control_node-2] [INFO] [1774777900.276639685] [RealMixedRobotBackend]: [Hightorque] classify=no_data
[ros2_control_node-2] [INFO] [1774777900.276666836] [RealMixedRobotBackend]: [Hightorque] set RTS/DTR active ok
[ros2_control_node-2] [INFO] [1774777900.276669456] [RealMixedRobotBackend]: [Hightorque] modem lines before_query: RTS=1 DTR=1 CTS=1 DSR=0 CD=0 RI=0
[ros2_control_node-2] [INFO] [1774777900.276674186] [RealMixedRobotBackend]: [Hightorque] reset_input_buffer=called reset_output_buffer=skipped
[ros2_control_node-2] [INFO] [1774777900.276717398] [RealMixedRobotBackend]: [Hightorque] write flush/drain: tcdrain=called
[ros2_control_node-2] [INFO] [1774777900.309000889] [RealMixedRobotBackend]: [Yiyou] poll summary: poll_loops=17 last_fionread=0 window_expired_reason=window_no_data
[ros2_control_node-2] [INFO] [1774777900.309021819] [RealMixedRobotBackend]: [Yiyou] raw rx reg=velocity_0x06 raw_len=0 ascii='' hex=
[ros2_control_node-2] [WARN] [1774777900.309025189] [RealMixedRobotBackend]: [Yiyou] no reply reg=velocity_0x06
[ros2_control_node-2] [INFO] [1774777900.309045390] [RealMixedRobotBackend]: [Yiyou] raw tx reg=enable_0x10 ascii='t00220310\r' hex=74 30 30 32 32 30 33 31 30 0D
[ros2_control_node-2] [INFO] [1774777900.309064421] [RealMixedRobotBackend]: [Yiyou] write flush/drain: tcdrain=called
[ros2_control_node-2] [INFO] [1774777900.359654211] [RealMixedRobotBackend]: [Hightorque] poll summary: poll_loops=17 last_fionread=0 window_expired_reason=window_no_data
[ros2_control_node-2] [INFO] [1774777900.359670802] [RealMixedRobotBackend]: [Hightorque] classify=no_data
[ros2_control_node-2] [INFO] [1774777900.359687312] [RealMixedRobotBackend]: [Hightorque] set RTS/DTR active ok
[ros2_control_node-2] [INFO] [1774777900.359689382] [RealMixedRobotBackend]: [Hightorque] modem lines before_query: RTS=1 DTR=1 CTS=1 DSR=0 CD=0 RI=0
[ros2_control_node-2] [INFO] [1774777900.359692892] [RealMixedRobotBackend]: [Hightorque] reset_input_buffer=called reset_output_buffer=skipped
[ros2_control_node-2] [INFO] [1774777900.359725723] [RealMixedRobotBackend]: [Hightorque] write flush/drain: tcdrain=called
[ros2_control_node-2] [INFO] [1774777900.391970173] [RealMixedRobotBackend]: [Yiyou] poll summary: poll_loops=17 last_fionread=0 window_expired_reason=window_no_data
[ros2_control_node-2] [INFO] [1774777900.391987314] [RealMixedRobotBackend]: [Yiyou] raw rx reg=enable_0x10 raw_len=0 ascii='' hex=
[ros2_control_node-2] [WARN] [1774777900.391990144] [RealMixedRobotBackend]: [Yiyou] no reply reg=enable_0x10
[ros2_control_node-2] [INFO] [1774777900.392004654] [RealMixedRobotBackend]: [Yiyou] raw tx reg=alarm_0x15 ascii='t00220315\r' hex=74 30 30 32 32 30 33 31 35 0D
[ros2_control_node-2] [INFO] [1774777900.392023735] [RealMixedRobotBackend]: [Yiyou] write flush/drain: tcdrain=called
[ros2_control_node-2] [INFO] [1774777900.442635476] [RealMixedRobotBackend]: [Hightorque] poll summary: poll_loops=17 last_fionread=0 window_expired_reason=window_no_data
[ros2_control_node-2] [INFO] [1774777900.442654617] [RealMixedRobotBackend]: [Hightorque] classify=no_data
[ros2_control_node-2] [INFO] [1774777900.442673197] [RealMixedRobotBackend]: [Hightorque] set RTS/DTR active ok
[ros2_control_node-2] [INFO] [1774777900.442699278] [RealMixedRobotBackend]: [Hightorque] modem lines before_query: RTS=1 DTR=1 CTS=1 DSR=0 CD=0 RI=0
[ros2_control_node-2] [INFO] [1774777900.442703338] [RealMixedRobotBackend]: [Hightorque] reset_input_buffer=called reset_output_buffer=skipped
[ros2_control_node-2] [INFO] [1774777900.442739439] [RealMixedRobotBackend]: [Hightorque] write flush/drain: tcdrain=called
[ros2_control_node-2] [INFO] [1774777900.474916047] [RealMixedRobotBackend]: [Yiyou] poll summary: poll_loops=17 last_fionread=0 window_expired_reason=window_no_data
[ros2_control_node-2] [INFO] [1774777900.474935228] [RealMixedRobotBackend]: [Yiyou] raw rx reg=alarm_0x15 raw_len=0 ascii='' hex=
[ros2_control_node-2] [WARN] [1774777900.474937938] [RealMixedRobotBackend]: [Yiyou] no reply reg=alarm_0x15
[ros2_control_node-2] [INFO] [1774777900.495028720] [RealMixedRobotBackend]: [Yiyou] raw tx reg=position_0x07 ascii='t00220307\r' hex=74 30 30 32 32 30 33 30 37 0D
[ros2_control_node-2] [INFO] [1774777900.495057291] [RealMixedRobotBackend]: [Yiyou] write flush/drain: tcdrain=called
[ros2_control_node-2] [INFO] [1774777900.525628581] [RealMixedRobotBackend]: [Hightorque] poll summary: poll_loops=17 last_fionread=0 window_expired_reason=window_no_data
[ros2_control_node-2] [INFO] [1774777900.525641022] [RealMixedRobotBackend]: [Hightorque] classify=no_data
[ros2_control_node-2] [INFO] [1774777900.535712349] [RealMixedRobotBackend]: [Hightorque] set RTS/DTR active ok
[ros2_control_node-2] [INFO] [1774777900.535720169] [RealMixedRobotBackend]: [Hightorque] modem lines before_query: RTS=1 DTR=1 CTS=1 DSR=0 CD=0 RI=0
[ros2_control_node-2] [INFO] [1774777900.535724299] [RealMixedRobotBackend]: [Hightorque] reset_input_buffer=called reset_output_buffer=skipped
[ros2_control_node-2] [INFO] [1774777900.535756280] [RealMixedRobotBackend]: [Hightorque] write flush/drain: tcdrain=called
[ros2_control_node-2] [INFO] [1774777900.577969614] [RealMixedRobotBackend]: [Yiyou] poll summary: poll_loops=17 last_fionread=0 window_expired_reason=window_no_data
[ros2_control_node-2] [INFO] [1774777900.577987244] [RealMixedRobotBackend]: [Yiyou] raw rx reg=position_0x07 raw_len=0 ascii='' hex=
[ros2_control_node-2] [WARN] [1774777900.577990054] [RealMixedRobotBackend]: [Yiyou] no reply reg=position_0x07
[ros2_control_node-2] [INFO] [1774777900.578008115] [RealMixedRobotBackend]: [Yiyou] raw tx reg=velocity_0x06 ascii='t00220306\r' hex=74 30 30 32 32 30 33 30 36 0D
[ros2_control_node-2] [INFO] [1774777900.578027085] [RealMixedRobotBackend]: [Yiyou] write flush/drain: tcdrain=called
[ros2_control_node-2] [INFO] [1774777900.618711604] [RealMixedRobotBackend]: [Hightorque] poll summary: poll_loops=17 last_fionread=0 window_expired_reason=window_no_data
[ros2_control_node-2] [INFO] [1774777900.618729125] [RealMixedRobotBackend]: [Hightorque] classify=no_data
[ros2_control_node-2] [INFO] [1774777900.618746635] [RealMixedRobotBackend]: [Hightorque] set RTS/DTR active ok
[ros2_control_node-2] [INFO] [1774777900.618748665] [RealMixedRobotBackend]: [Hightorque] modem lines before_query: RTS=1 DTR=1 CTS=1 DSR=0 CD=0 RI=0
[ros2_control_node-2] [INFO] [1774777900.618752345] [RealMixedRobotBackend]: [Hightorque] reset_input_buffer=called reset_output_buffer=skipped
[ros2_control_node-2] [INFO] [1774777900.618785836] [RealMixedRobotBackend]: [Hightorque] write flush/drain: tcdrain=called
[ros2_control_node-2] [INFO] [1774777900.660966919] [RealMixedRobotBackend]: [Yiyou] poll summary: poll_loops=17 last_fionread=0 window_expired_reason=window_no_data
[ros2_control_node-2] [INFO] [1774777900.660990960] [RealMixedRobotBackend]: [Yiyou] raw rx reg=velocity_0x06 raw_len=0 ascii='' hex=
[ros2_control_node-2] [WARN] [1774777900.660994440] [RealMixedRobotBackend]: [Yiyou] no reply reg=velocity_0x06
[ros2_control_node-2] [INFO] [1774777900.661014761] [RealMixedRobotBackend]: [Yiyou] raw tx reg=enable_0x10 ascii='t00220310\r' hex=74 30 30 32 32 30 33 31 30 0D
[ros2_control_node-2] [INFO] [1774777900.661032681] [RealMixedRobotBackend]: [Yiyou] write flush/drain: tcdrain=called
[ros2_control_node-2] [INFO] [1774777900.701756621] [RealMixedRobotBackend]: [Hightorque] poll summary: poll_loops=17 last_fionread=0 window_expired_reason=window_no_data
[ros2_control_node-2] [INFO] [1774777900.701772261] [RealMixedRobotBackend]: [Hightorque] classify=no_data
[ros2_control_node-2] [INFO] [1774777900.701788822] [RealMixedRobotBackend]: [Hightorque] set RTS/DTR active ok
[ros2_control_node-2] [INFO] [1774777900.701791242] [RealMixedRobotBackend]: [Hightorque] modem lines before_query: RTS=1 DTR=1 CTS=1 DSR=0 CD=0 RI=0
[ros2_control_node-2] [INFO] [1774777900.701795152] [RealMixedRobotBackend]: [Hightorque] reset_input_buffer=called reset_output_buffer=skipped
[ros2_control_node-2] [INFO] [1774777900.701828043] [RealMixedRobotBackend]: [Hightorque] write flush/drain: tcdrain=called
[ros2_control_node-2] [INFO] [1774777900.743919143] [RealMixedRobotBackend]: [Yiyou] poll summary: poll_loops=17 last_fionread=0 window_expired_reason=window_no_data
[ros2_control_node-2] [INFO] [1774777900.743937724] [RealMixedRobotBackend]: [Yiyou] raw rx reg=enable_0x10 raw_len=0 ascii='' hex=
[ros2_control_node-2] [WARN] [1774777900.743940694] [RealMixedRobotBackend]: [Yiyou] no reply reg=enable_0x10
[ros2_control_node-2] [INFO] [1774777900.743957864] [RealMixedRobotBackend]: [Yiyou] raw tx reg=alarm_0x15 ascii='t00220315\r' hex=74 30 30 32 32 30 33 31 35 0D
[ros2_control_node-2] [INFO] [1774777900.743978045] [RealMixedRobotBackend]: [Yiyou] write flush/drain: tcdrain=called
[ros2_control_node-2] [INFO] [1774777900.784807248] [RealMixedRobotBackend]: [Hightorque] poll summary: poll_loops=17 last_fionread=0 window_expired_reason=window_no_data
[ros2_control_node-2] [INFO] [1774777900.784823978] [RealMixedRobotBackend]: [Hightorque] classify=no_data
[ros2_control_node-2] [INFO] [1774777900.784842639] [RealMixedRobotBackend]: [Hightorque] set RTS/DTR active ok
[ros2_control_node-2] [INFO] [1774777900.784844769] [RealMixedRobotBackend]: [Hightorque] modem lines before_query: RTS=1 DTR=1 CTS=1 DSR=0 CD=0 RI=0
[ros2_control_node-2] [INFO] [1774777900.784848629] [RealMixedRobotBackend]: [Hightorque] reset_input_buffer=called reset_output_buffer=skipped
[ros2_control_node-2] [INFO] [1774777900.784881380] [RealMixedRobotBackend]: [Hightorque] write flush/drain: tcdrain=called
[ros2_control_node-2] [INFO] [1774777900.826910189] [RealMixedRobotBackend]: [Yiyou] poll summary: poll_loops=17 last_fionread=0 window_expired_reason=window_no_data
[ros2_control_node-2] [INFO] [1774777900.826925509] [RealMixedRobotBackend]: [Yiyou] raw rx reg=alarm_0x15 raw_len=0 ascii='' hex=
[ros2_control_node-2] [WARN] [1774777900.826928319] [RealMixedRobotBackend]: [Yiyou] no reply reg=alarm_0x15
[ros2_control_node-2] [INFO] [1774777900.847014241] [RealMixedRobotBackend]: [Yiyou] raw tx reg=position_0x07 ascii='t00220307\r' hex=74 30 30 32 32 30 33 30 37 0D
[ros2_control_node-2] [INFO] [1774777900.847043712] [RealMixedRobotBackend]: [Yiyou] write flush/drain: tcdrain=called
[ros2_control_node-2] [INFO] [1774777900.867805323] [RealMixedRobotBackend]: [Hightorque] poll summary: poll_loops=17 last_fionread=0 window_expired_reason=window_no_data
[ros2_control_node-2] [INFO] [1774777900.867815144] [RealMixedRobotBackend]: [Hightorque] classify=no_data
[ros2_control_node-2] [INFO] [1774777900.867829594] [RealMixedRobotBackend]: [Hightorque] set RTS/DTR active ok
[ros2_control_node-2] [INFO] [1774777900.867831944] [RealMixedRobotBackend]: [Hightorque] modem lines before_query: RTS=1 DTR=1 CTS=1 DSR=0 CD=0 RI=0
[ros2_control_node-2] [INFO] [1774777900.867835354] [RealMixedRobotBackend]: [Hightorque] reset_input_buffer=called reset_output_buffer=skipped
[ros2_control_node-2] [INFO] [1774777900.867859745] [RealMixedRobotBackend]: [Hightorque] write flush/drain: tcdrain=called
[ros2_control_node-2] [INFO] [1774777900.929949725] [RealMixedRobotBackend]: [Yiyou] poll summary: poll_loops=17 last_fionread=0 window_expired_reason=window_no_data
[ros2_control_node-2] [INFO] [1774777900.929971625] [RealMixedRobotBackend]: [Yiyou] raw rx reg=position_0x07 raw_len=0 ascii='' hex=
[ros2_control_node-2] [WARN] [1774777900.929974325] [RealMixedRobotBackend]: [Yiyou] no reply reg=position_0x07
[ros2_control_node-2] [INFO] [1774777900.929995406] [RealMixedRobotBackend]: [Yiyou] raw tx reg=velocity_0x06 ascii='t00220306\r' hex=74 30 30 32 32 30 33 30 36 0D
[ros2_control_node-2] [INFO] [1774777900.930016327] [RealMixedRobotBackend]: [Yiyou] write flush/drain: tcdrain=called
[ros2_control_node-2] [INFO] [1774777900.950815109] [RealMixedRobotBackend]: [Hightorque] poll summary: poll_loops=17 last_fionread=0 window_expired_reason=window_no_data
[ros2_control_node-2] [INFO] [1774777900.950836130] [RealMixedRobotBackend]: [Hightorque] classify=no_data
[ros2_control_node-2] [INFO] [1774777900.960912507] [RealMixedRobotBackend]: [Hightorque] set RTS/DTR active ok
[ros2_control_node-2] [INFO] [1774777900.960922757] [RealMixedRobotBackend]: [Hightorque] modem lines before_query: RTS=1 DTR=1 CTS=1 DSR=0 CD=0 RI=0
[ros2_control_node-2] [INFO] [1774777900.960928507] [RealMixedRobotBackend]: [Hightorque] reset_input_buffer=called reset_output_buffer=skipped
[ros2_control_node-2] [INFO] [1774777900.960970958] [RealMixedRobotBackend]: [Hightorque] write flush/drain: tcdrain=called
[ros2_control_node-2] [INFO] [1774777901.012938709] [RealMixedRobotBackend]: [Yiyou] poll summary: poll_loops=17 last_fionread=0 window_expired_reason=window_no_data
[ros2_control_node-2] [INFO] [1774777901.012954430] [RealMixedRobotBackend]: [Yiyou] raw rx reg=velocity_0x06 raw_len=0 ascii='' hex=
[ros2_control_node-2] [WARN] [1774777901.012957490] [RealMixedRobotBackend]: [Yiyou] no reply reg=velocity_0x06
[ros2_control_node-2] [INFO] [1774777901.013005581] [RealMixedRobotBackend]: [Yiyou] raw tx reg=enable_0x10 ascii='t00220310\r' hex=74 30 30 32 32 30 33 31 30 0D
[ros2_control_node-2] [INFO] [1774777901.013028372] [RealMixedRobotBackend]: [Yiyou] write flush/drain: tcdrain=called
[ros2_control_node-2] [INFO] [1774777901.043913052] [RealMixedRobotBackend]: [Hightorque] poll summary: poll_loops=17 last_fionread=0 window_expired_reason=window_no_data
[ros2_control_node-2] [INFO] [1774777901.043924732] [RealMixedRobotBackend]: [Hightorque] classify=no_data
[ros2_control_node-2] [INFO] [1774777901.043941223] [RealMixedRobotBackend]: [Hightorque] set RTS/DTR active ok
[ros2_control_node-2] [INFO] [1774777901.043943663] [RealMixedRobotBackend]: [Hightorque] modem lines before_query: RTS=1 DTR=1 CTS=1 DSR=0 CD=0 RI=0
[ros2_control_node-2] [INFO] [1774777901.043947213] [RealMixedRobotBackend]: [Hightorque] reset_input_buffer=called reset_output_buffer=skipped
[ros2_control_node-2] [INFO] [1774777901.043977454] [RealMixedRobotBackend]: [Hightorque] write flush/drain: tcdrain=called
[ros2_control_node-2] [INFO] [1774777901.095915283] [RealMixedRobotBackend]: [Yiyou] poll summary: poll_loops=17 last_fionread=0 window_expired_reason=window_no_data
[ros2_control_node-2] [INFO] [1774777901.095937044] [RealMixedRobotBackend]: [Yiyou] raw rx reg=enable_0x10 raw_len=0 ascii='' hex=
[ros2_control_node-2] [WARN] [1774777901.095939964] [RealMixedRobotBackend]: [Yiyou] no reply reg=enable_0x10
[ros2_control_node-2] [INFO] [1774777901.095960175] [RealMixedRobotBackend]: [Yiyou] raw tx reg=alarm_0x15 ascii='t00220315\r' hex=74 30 30 32 32 30 33 31 35 0D
[ros2_control_node-2] [INFO] [1774777901.095983355] [RealMixedRobotBackend]: [Yiyou] write flush/drain: tcdrain=called
[ros2_control_node-2] [INFO] [1774777901.126898796] [RealMixedRobotBackend]: [Hightorque] poll summary: poll_loops=17 last_fionread=0 window_expired_reason=window_no_data
[ros2_control_node-2] [INFO] [1774777901.126916687] [RealMixedRobotBackend]: [Hightorque] classify=no_data
[ros2_control_node-2] [INFO] [1774777901.126933897] [RealMixedRobotBackend]: [Hightorque] set RTS/DTR active ok
[ros2_control_node-2] [INFO] [1774777901.126935917] [RealMixedRobotBackend]: [Hightorque] modem lines before_query: RTS=1 DTR=1 CTS=1 DSR=0 CD=0 RI=0
[ros2_control_node-2] [INFO] [1774777901.126939567] [RealMixedRobotBackend]: [Hightorque] reset_input_buffer=called reset_output_buffer=skipped
[ros2_control_node-2] [INFO] [1774777901.126975578] [RealMixedRobotBackend]: [Hightorque] write flush/drain: tcdrain=called
[ros2_control_node-2] [INFO] [1774777901.178994370] [RealMixedRobotBackend]: [Yiyou] poll summary: poll_loops=17 last_fionread=0 window_expired_reason=window_no_data
[ros2_control_node-2] [INFO] [1774777901.179015871] [RealMixedRobotBackend]: [Yiyou] raw rx reg=alarm_0x15 raw_len=0 ascii='' hex=
[ros2_control_node-2] [WARN] [1774777901.179018681] [RealMixedRobotBackend]: [Yiyou] no reply reg=alarm_0x15
[ros2_control_node-2] [INFO] [1774777901.199109303] [RealMixedRobotBackend]: [Yiyou] raw tx reg=position_0x07 ascii='t00220307\r' hex=74 30 30 32 32 30 33 30 37 0D
[ros2_control_node-2] [INFO] [1774777901.199140844] [RealMixedRobotBackend]: [Yiyou] write flush/drain: tcdrain=called
[ros2_control_node-2] [INFO] [1774777901.209886680] [RealMixedRobotBackend]: [Hightorque] poll summary: poll_loops=17 last_fionread=0 window_expired_reason=window_no_data
[ros2_control_node-2] [INFO] [1774777901.209900571] [RealMixedRobotBackend]: [Hightorque] classify=no_data
[ros2_control_node-2] [INFO] [1774777901.209915911] [RealMixedRobotBackend]: [Hightorque] set RTS/DTR active ok
[ros2_control_node-2] [INFO] [1774777901.209918141] [RealMixedRobotBackend]: [Hightorque] modem lines before_query: RTS=1 DTR=1 CTS=1 DSR=0 CD=0 RI=0
[ros2_control_node-2] [INFO] [1774777901.209921731] [RealMixedRobotBackend]: [Hightorque] reset_input_buffer=called reset_output_buffer=skipped
[ros2_control_node-2] [INFO] [1774777901.209952222] [RealMixedRobotBackend]: [Hightorque] write flush/drain: tcdrain=called
[ros2_control_node-2] [INFO] [1774777901.282019034] [RealMixedRobotBackend]: [Yiyou] poll summary: poll_loops=17 last_fionread=0 window_expired_reason=window_no_data
[ros2_control_node-2] [INFO] [1774777901.282035885] [RealMixedRobotBackend]: [Yiyou] raw rx reg=position_0x07 raw_len=0 ascii='' hex=
[ros2_control_node-2] [WARN] [1774777901.282038415] [RealMixedRobotBackend]: [Yiyou] no reply reg=position_0x07
[ros2_control_node-2] [INFO] [1774777901.282052845] [RealMixedRobotBackend]: [Yiyou] raw tx reg=velocity_0x06 ascii='t00220306\r' hex=74 30 30 32 32 30 33 30 36 0D
[ros2_control_node-2] [INFO] [1774777901.282073896] [RealMixedRobotBackend]: [Yiyou] write flush/drain: tcdrain=called
[ros2_control_node-2] [INFO] [1774777901.292894935] [RealMixedRobotBackend]: [Hightorque] poll summary: poll_loops=17 last_fionread=0 window_expired_reason=window_no_data
[ros2_control_node-2] [INFO] [1774777901.292923096] [RealMixedRobotBackend]: [Hightorque] classify=no_data
[ros2_control_node-2] [INFO] [1774777901.292939786] [RealMixedRobotBackend]: [Hightorque] set RTS/DTR active ok
[ros2_control_node-2] [INFO] [1774777901.292942126] [RealMixedRobotBackend]: [Hightorque] modem lines before_query: RTS=1 DTR=1 CTS=1 DSR=0 CD=0 RI=0
[ros2_control_node-2] [INFO] [1774777901.292945487] [RealMixedRobotBackend]: [Hightorque] reset_input_buffer=called reset_output_buffer=skipped
[ros2_control_node-2] [INFO] [1774777901.292973797] [RealMixedRobotBackend]: [Hightorque] write flush/drain: tcdrain=called
[ros2_control_node-2] [INFO] [1774777901.365020790] [RealMixedRobotBackend]: [Yiyou] poll summary: poll_loops=17 last_fionread=0 window_expired_reason=window_no_data
[ros2_control_node-2] [INFO] [1774777901.365042931] [RealMixedRobotBackend]: [Yiyou] raw rx reg=velocity_0x06 raw_len=0 ascii='' hex=
[ros2_control_node-2] [WARN] [1774777901.365046051] [RealMixedRobotBackend]: [Yiyou] no reply reg=velocity_0x06
[ros2_control_node-2] [INFO] [1774777901.365066282] [RealMixedRobotBackend]: [Yiyou] raw tx reg=enable_0x10 ascii='t00220310\r' hex=74 30 30 32 32 30 33 31 30 0D
[ros2_control_node-2] [INFO] [1774777901.365089532] [RealMixedRobotBackend]: [Yiyou] write flush/drain: tcdrain=called
[ros2_control_node-2] [INFO] [1774777901.375894340] [RealMixedRobotBackend]: [Hightorque] poll summary: poll_loops=17 last_fionread=0 window_expired_reason=window_no_data
[ros2_control_node-2] [INFO] [1774777901.375909751] [RealMixedRobotBackend]: [Hightorque] classify=no_data
[ros2_control_node-2] [INFO] [1774777901.385986339] [RealMixedRobotBackend]: [Hightorque] set RTS/DTR active ok
[ros2_control_node-2] [INFO] [1774777901.385994529] [RealMixedRobotBackend]: [Hightorque] modem lines before_query: RTS=1 DTR=1 CTS=1 DSR=0 CD=0 RI=0
[ros2_control_node-2] [INFO] [1774777901.385999369] [RealMixedRobotBackend]: [Hightorque] reset_input_buffer=called reset_output_buffer=skipped
[ros2_control_node-2] [INFO] [1774777901.386037130] [RealMixedRobotBackend]: [Hightorque] write flush/drain: tcdrain=called
[ros2_control_node-2] [INFO] [1774777901.447970483] [RealMixedRobotBackend]: [Yiyou] poll summary: poll_loops=17 last_fionread=0 window_expired_reason=window_no_data
[ros2_control_node-2] [INFO] [1774777901.447988064] [RealMixedRobotBackend]: [Yiyou] raw rx reg=enable_0x10 raw_len=0 ascii='' hex=
[ros2_control_node-2] [WARN] [1774777901.447991614] [RealMixedRobotBackend]: [Yiyou] no reply reg=enable_0x10
[ros2_control_node-2] [INFO] [1774777901.448007955] [RealMixedRobotBackend]: [Yiyou] raw tx reg=alarm_0x15 ascii='t00220315\r' hex=74 30 30 32 32 30 33 31 35 0D
[ros2_control_node-2] [INFO] [1774777901.448030825] [RealMixedRobotBackend]: [Yiyou] write flush/drain: tcdrain=called
[ros2_control_node-2] [INFO] [1774777901.468974633] [RealMixedRobotBackend]: [Hightorque] poll summary: poll_loops=17 last_fionread=0 window_expired_reason=window_no_data
[ros2_control_node-2] [INFO] [1774777901.468992673] [RealMixedRobotBackend]: [Hightorque] classify=no_data
[ros2_control_node-2] [INFO] [1774777901.469014914] [RealMixedRobotBackend]: [Hightorque] set RTS/DTR active ok
[ros2_control_node-2] [INFO] [1774777901.469017184] [RealMixedRobotBackend]: [Hightorque] modem lines before_query: RTS=1 DTR=1 CTS=1 DSR=0 CD=0 RI=0
[ros2_control_node-2] [INFO] [1774777901.469021624] [RealMixedRobotBackend]: [Hightorque] reset_input_buffer=called reset_output_buffer=skipped
[ros2_control_node-2] [INFO] [1774777901.469059865] [RealMixedRobotBackend]: [Hightorque] write flush/drain: tcdrain=called
[ros2_control_node-2] [INFO] [1774777901.530971069] [RealMixedRobotBackend]: [Yiyou] poll summary: poll_loops=17 last_fionread=0 window_expired_reason=window_no_data
[ros2_control_node-2] [INFO] [1774777901.530991999] [RealMixedRobotBackend]: [Yiyou] raw rx reg=alarm_0x15 raw_len=0 ascii='' hex=
[ros2_control_node-2] [WARN] [1774777901.530995019] [RealMixedRobotBackend]: [Yiyou] no reply reg=alarm_0x15
[ros2_control_node-2] [INFO] [1774777901.551085810] [RealMixedRobotBackend]: [Yiyou] raw tx reg=position_0x07 ascii='t00220307\r' hex=74 30 30 32 32 30 33 30 37 0D
[ros2_control_node-2] [INFO] [1774777901.551119821] [RealMixedRobotBackend]: [Yiyou] write flush/drain: tcdrain=called
[ros2_control_node-2] [INFO] [1774777901.552030788] [RealMixedRobotBackend]: [Hightorque] poll summary: poll_loops=17 last_fionread=0 window_expired_reason=window_no_data
[ros2_control_node-2] [INFO] [1774777901.552035758] [RealMixedRobotBackend]: [Hightorque] classify=no_data
[ros2_control_node-2] [INFO] [1774777901.552048479] [RealMixedRobotBackend]: [Hightorque] set RTS/DTR active ok
[ros2_control_node-2] [INFO] [1774777901.552050319] [RealMixedRobotBackend]: [Hightorque] modem lines before_query: RTS=1 DTR=1 CTS=1 DSR=0 CD=0 RI=0
[ros2_control_node-2] [INFO] [1774777901.552064829] [RealMixedRobotBackend]: [Hightorque] reset_input_buffer=called reset_output_buffer=skipped
[ros2_control_node-2] [INFO] [1774777901.552083070] [RealMixedRobotBackend]: [Hightorque] write flush/drain: tcdrain=called
[ros2_control_node-2] [INFO] [1774777901.634013623] [RealMixedRobotBackend]: [Yiyou] poll summary: poll_loops=17 last_fionread=0 window_expired_reason=window_no_data
[ros2_control_node-2] [INFO] [1774777901.634032404] [RealMixedRobotBackend]: [Yiyou] raw rx reg=position_0x07 raw_len=0 ascii='' hex=
[ros2_control_node-2] [WARN] [1774777901.634035544] [RealMixedRobotBackend]: [Yiyou] no reply reg=position_0x07
[ros2_control_node-2] [INFO] [1774777901.634051454] [RealMixedRobotBackend]: [Yiyou] raw tx reg=velocity_0x06 ascii='t00220306\r' hex=74 30 30 32 32 30 33 30 36 0D
[ros2_control_node-2] [INFO] [1774777901.634073445] [RealMixedRobotBackend]: [Yiyou] write flush/drain: tcdrain=called
[ros2_control_node-2] [INFO] [1774777901.634968682] [RealMixedRobotBackend]: [Hightorque] poll summary: poll_loops=17 last_fionread=0 window_expired_reason=window_no_data
[ros2_control_node-2] [INFO] [1774777901.634973442] [RealMixedRobotBackend]: [Hightorque] classify=no_data
[ros2_control_node-2] [INFO] [1774777901.634988602] [RealMixedRobotBackend]: [Hightorque] set RTS/DTR active ok
[ros2_control_node-2] [INFO] [1774777901.634990612] [RealMixedRobotBackend]: [Hightorque] modem lines before_query: RTS=1 DTR=1 CTS=1 DSR=0 CD=0 RI=0
[ros2_control_node-2] [INFO] [1774777901.634993802] [RealMixedRobotBackend]: [Hightorque] reset_input_buffer=called reset_output_buffer=skipped
[ros2_control_node-2] [INFO] [1774777901.635011033] [RealMixedRobotBackend]: [Hightorque] write flush/drain: tcdrain=called
[ros2_control_node-2] [INFO] [1774777901.717023958] [RealMixedRobotBackend]: [Yiyou] poll summary: poll_loops=17 last_fionread=0 window_expired_reason=window_no_data
[ros2_control_node-2] [INFO] [1774777901.717045858] [RealMixedRobotBackend]: [Yiyou] raw rx reg=velocity_0x06 raw_len=0 ascii='' hex=
[ros2_control_node-2] [WARN] [1774777901.717048979] [RealMixedRobotBackend]: [Yiyou] no reply reg=velocity_0x06
[ros2_control_node-2] [INFO] [1774777901.717068569] [RealMixedRobotBackend]: [Yiyou] raw tx reg=enable_0x10 ascii='t00220310\r' hex=74 30 30 32 32 30 33 31 30 0D
[ros2_control_node-2] [INFO] [1774777901.717090280] [RealMixedRobotBackend]: [Yiyou] write flush/drain: tcdrain=called
[ros2_control_node-2] [INFO] [1774777901.717916224] [RealMixedRobotBackend]: [Hightorque] poll summary: poll_loops=17 last_fionread=0 window_expired_reason=window_no_data
[ros2_control_node-2] [INFO] [1774777901.717920604] [RealMixedRobotBackend]: [Hightorque] classify=no_data
[ros2_control_node-2] [INFO] [1774777901.717937635] [RealMixedRobotBackend]: [Hightorque] set RTS/DTR active ok
[ros2_control_node-2] [INFO] [1774777901.717939645] [RealMixedRobotBackend]: [Hightorque] modem lines before_query: RTS=1 DTR=1 CTS=1 DSR=0 CD=0 RI=0
[ros2_control_node-2] [INFO] [1774777901.717943125] [RealMixedRobotBackend]: [Hightorque] reset_input_buffer=called reset_output_buffer=skipped
[ros2_control_node-2] [INFO] [1774777901.717959885] [RealMixedRobotBackend]: [Hightorque] write flush/drain: tcdrain=called
[ros2_control_node-2] [INFO] [1774777901.799951120] [RealMixedRobotBackend]: [Yiyou] poll summary: poll_loops=17 last_fionread=0 window_expired_reason=window_no_data
[ros2_control_node-2] [INFO] [1774777901.799970361] [RealMixedRobotBackend]: [Yiyou] raw rx reg=enable_0x10 raw_len=0 ascii='' hex=
[ros2_control_node-2] [WARN] [1774777901.799973181] [RealMixedRobotBackend]: [Yiyou] no reply reg=enable_0x10
[ros2_control_node-2] [INFO] [1774777901.799989731] [RealMixedRobotBackend]: [Yiyou] raw tx reg=alarm_0x15 ascii='t00220315\r' hex=74 30 30 32 32 30 33 31 35 0D
[ros2_control_node-2] [INFO] [1774777901.800008722] [RealMixedRobotBackend]: [Yiyou] write flush/drain: tcdrain=called
[ros2_control_node-2] [INFO] [1774777901.800917769] [RealMixedRobotBackend]: [Hightorque] poll summary: poll_loops=17 last_fionread=0 window_expired_reason=window_no_data
[ros2_control_node-2] [INFO] [1774777901.800932439] [RealMixedRobotBackend]: [Hightorque] classify=no_data
[ros2_control_node-2] [INFO] [1774777901.811008196] [RealMixedRobotBackend]: [Hightorque] set RTS/DTR active ok
[ros2_control_node-2] [INFO] [1774777901.811017076] [RealMixedRobotBackend]: [Hightorque] modem lines before_query: RTS=1 DTR=1 CTS=1 DSR=0 CD=0 RI=0
[ros2_control_node-2] [INFO] [1774777901.811021446] [RealMixedRobotBackend]: [Hightorque] reset_input_buffer=called reset_output_buffer=skipped
[ros2_control_node-2] [INFO] [1774777901.811056907] [RealMixedRobotBackend]: [Hightorque] write flush/drain: tcdrain=called
[ros2_control_node-2] [INFO] [1774777901.882886783] [RealMixedRobotBackend]: [Yiyou] poll summary: poll_loops=17 last_fionread=0 window_expired_reason=window_no_data
[ros2_control_node-2] [INFO] [1774777901.882905433] [RealMixedRobotBackend]: [Yiyou] raw rx reg=alarm_0x15 raw_len=0 ascii='' hex=
[ros2_control_node-2] [WARN] [1774777901.882908013] [RealMixedRobotBackend]: [Yiyou] no reply reg=alarm_0x15
[ros2_control_node-2] [INFO] [1774777901.893945499] [RealMixedRobotBackend]: [Hightorque] poll summary: poll_loops=17 last_fionread=0 window_expired_reason=window_no_data
[ros2_control_node-2] [INFO] [1774777901.893963879] [RealMixedRobotBackend]: [Hightorque] classify=no_data
[ros2_control_node-2] [INFO] [1774777901.893986140] [RealMixedRobotBackend]: [Hightorque] set RTS/DTR active ok
[ros2_control_node-2] [INFO] [1774777901.893989780] [RealMixedRobotBackend]: [Hightorque] modem lines before_query: RTS=1 DTR=1 CTS=1 DSR=0 CD=0 RI=0
[ros2_control_node-2] [INFO] [1774777901.893995570] [RealMixedRobotBackend]: [Hightorque] reset_input_buffer=called reset_output_buffer=skipped
[ros2_control_node-2] [INFO] [1774777901.894039471] [RealMixedRobotBackend]: [Hightorque] write flush/drain: tcdrain=called
[ros2_control_node-2] [INFO] [1774777901.902990155] [RealMixedRobotBackend]: [Yiyou] raw tx reg=position_0x07 ascii='t00220307\r' hex=74 30 30 32 32 30 33 30 37 0D
[ros2_control_node-2] [INFO] [1774777901.903015956] [RealMixedRobotBackend]: [Yiyou] write flush/drain: tcdrain=called
[ros2_control_node-2] [INFO] [1774777901.976927033] [RealMixedRobotBackend]: [Hightorque] poll summary: poll_loops=17 last_fionread=0 window_expired_reason=window_no_data
[ros2_control_node-2] [INFO] [1774777901.976948244] [RealMixedRobotBackend]: [Hightorque] classify=no_data
[ros2_control_node-2] [INFO] [1774777901.976968854] [RealMixedRobotBackend]: [Hightorque] set RTS/DTR active ok
[ros2_control_node-2] [INFO] [1774777901.976971604] [RealMixedRobotBackend]: [Hightorque] modem lines before_query: RTS=1 DTR=1 CTS=1 DSR=0 CD=0 RI=0
[ros2_control_node-2] [INFO] [1774777901.976976234] [RealMixedRobotBackend]: [Hightorque] reset_input_buffer=called reset_output_buffer=skipped
[ros2_control_node-2] [INFO] [1774777901.977011095] [RealMixedRobotBackend]: [Hightorque] write flush/drain: tcdrain=called
[ros2_control_node-2] [INFO] [1774777901.985892867] [RealMixedRobotBackend]: [Yiyou] poll summary: poll_loops=17 last_fionread=0 window_expired_reason=window_no_data
[ros2_control_node-2] [INFO] [1774777901.985907768] [RealMixedRobotBackend]: [Yiyou] raw rx reg=position_0x07 raw_len=0 ascii='' hex=
[ros2_control_node-2] [WARN] [1774777901.985910638] [RealMixedRobotBackend]: [Yiyou] no reply reg=position_0x07
[ros2_control_node-2] [INFO] [1774777901.985925488] [RealMixedRobotBackend]: [Yiyou] raw tx reg=velocity_0x06 ascii='t00220306\r' hex=74 30 30 32 32 30 33 30 36 0D
[ros2_control_node-2] [INFO] [1774777901.985944389] [RealMixedRobotBackend]: [Yiyou] write flush/drain: tcdrain=called
[ros2_control_node-2] [INFO] [1774777902.060265277] [RealMixedRobotBackend]: [Hightorque] poll summary: poll_loops=17 last_fionread=0 window_expired_reason=window_no_data
[ros2_control_node-2] [INFO] [1774777902.060287827] [RealMixedRobotBackend]: [Hightorque] classify=no_data
[ros2_control_node-2] [INFO] [1774777902.060312578] [RealMixedRobotBackend]: [Hightorque] set RTS/DTR active ok
[ros2_control_node-2] [INFO] [1774777902.060315468] [RealMixedRobotBackend]: [Hightorque] modem lines before_query: RTS=1 DTR=1 CTS=1 DSR=0 CD=0 RI=0
[ros2_control_node-2] [INFO] [1774777902.060320408] [RealMixedRobotBackend]: [Hightorque] reset_input_buffer=called reset_output_buffer=skipped
[ros2_control_node-2] [INFO] [1774777902.060360020] [RealMixedRobotBackend]: [Hightorque] write flush/drain: tcdrain=called
[ros2_control_node-2] [INFO] [1774777902.068921972] [RealMixedRobotBackend]: [Yiyou] poll summary: poll_loops=17 last_fionread=0 window_expired_reason=window_no_data
[ros2_control_node-2] [INFO] [1774777902.068937452] [RealMixedRobotBackend]: [Yiyou] raw rx reg=velocity_0x06 raw_len=0 ascii='' hex=
[ros2_control_node-2] [WARN] [1774777902.068940122] [RealMixedRobotBackend]: [Yiyou] no reply reg=velocity_0x06
[ros2_control_node-2] [INFO] [1774777902.068953913] [RealMixedRobotBackend]: [Yiyou] raw tx reg=enable_0x10 ascii='t00220310\r' hex=74 30 30 32 32 30 33 31 30 0D
[ros2_control_node-2] [INFO] [1774777902.068971923] [RealMixedRobotBackend]: [Yiyou] write flush/drain: tcdrain=called
[ros2_control_node-2] [INFO] [1774777902.143338593] [RealMixedRobotBackend]: [Hightorque] poll summary: poll_loops=17 last_fionread=0 window_expired_reason=window_no_data
[ros2_control_node-2] [INFO] [1774777902.143356383] [RealMixedRobotBackend]: [Hightorque] classify=no_data
[ros2_control_node-2] [INFO] [1774777902.143375654] [RealMixedRobotBackend]: [Hightorque] set RTS/DTR active ok
[ros2_control_node-2] [INFO] [1774777902.143402915] [RealMixedRobotBackend]: [Hightorque] modem lines before_query: RTS=1 DTR=1 CTS=1 DSR=0 CD=0 RI=0
[ros2_control_node-2] [INFO] [1774777902.143406225] [RealMixedRobotBackend]: [Hightorque] reset_input_buffer=called reset_output_buffer=skipped
[ros2_control_node-2] [INFO] [1774777902.143432925] [RealMixedRobotBackend]: [Hightorque] write flush/drain: tcdrain=called
[ros2_control_node-2] [INFO] [1774777902.150468272] [RealMixedRobotBackend]: read_all_joint_states: cycle=800 completed for 6 joints (cache snapshot only; no serial IO in read path)
[ros2_control_node-2] [INFO] [1774777902.150481493] [RobotArmHardwareSystem]: read: cycle=800 updated joint state buffer for 6 joints
[ros2_control_node-2] [INFO] [1774777902.151920795] [RealMixedRobotBackend]: [Yiyou] poll summary: poll_loops=17 last_fionread=0 window_expired_reason=window_no_data
[ros2_control_node-2] [INFO] [1774777902.151928536] [RealMixedRobotBackend]: [Yiyou] raw rx reg=enable_0x10 raw_len=0 ascii='' hex=
[ros2_control_node-2] [WARN] [1774777902.151930846] [RealMixedRobotBackend]: [Yiyou] no reply reg=enable_0x10
[ros2_control_node-2] [INFO] [1774777902.151944486] [RealMixedRobotBackend]: [Yiyou] raw tx reg=alarm_0x15 ascii='t00220315\r' hex=74 30 30 32 32 30 33 31 35 0D
[ros2_control_node-2] [INFO] [1774777902.151962527] [RealMixedRobotBackend]: [Yiyou] write flush/drain: tcdrain=called
[ros2_control_node-2] [INFO] [1774777902.183559567] [RealMixedRobotBackend]: hightorque_tx_loop: cycle=400 jobs=0 total_us=0
[ros2_control_node-2] [INFO] [1774777902.226389528] [RealMixedRobotBackend]: [Hightorque] poll summary: poll_loops=17 last_fionread=0 window_expired_reason=window_no_data
[ros2_control_node-2] [INFO] [1774777902.226408418] [RealMixedRobotBackend]: [Hightorque] classify=no_data
[ros2_control_node-2] [INFO] [1774777902.234914359] [RealMixedRobotBackend]: [Yiyou] poll summary: poll_loops=17 last_fionread=0 window_expired_reason=window_no_data
[ros2_control_node-2] [INFO] [1774777902.234927309] [RealMixedRobotBackend]: [Yiyou] raw rx reg=alarm_0x15 raw_len=0 ascii='' hex=
[ros2_control_node-2] [WARN] [1774777902.234930919] [RealMixedRobotBackend]: [Yiyou] no reply reg=alarm_0x15
[ros2_control_node-2] [INFO] [1774777902.236481255] [RealMixedRobotBackend]: [Hightorque] set RTS/DTR active ok
[ros2_control_node-2] [INFO] [1774777902.236487175] [RealMixedRobotBackend]: [Hightorque] modem lines before_query: RTS=1 DTR=1 CTS=1 DSR=0 CD=0 RI=0
[ros2_control_node-2] [INFO] [1774777902.236491385] [RealMixedRobotBackend]: [Hightorque] reset_input_buffer=called reset_output_buffer=skipped
[ros2_control_node-2] [INFO] [1774777902.236526386] [RealMixedRobotBackend]: [Hightorque] write flush/drain: tcdrain=called
[ros2_control_node-2] [INFO] [1774777902.255015130] [RealMixedRobotBackend]: [Yiyou] raw tx reg=position_0x07 ascii='t00220307\r' hex=74 30 30 32 32 30 33 30 37 0D
[ros2_control_node-2] [INFO] [1774777902.255037171] [RealMixedRobotBackend]: [Yiyou] write flush/drain: tcdrain=called
[ros2_control_node-2] [INFO] [1774777902.319502979] [RealMixedRobotBackend]: [Hightorque] poll summary: poll_loops=17 last_fionread=0 window_expired_reason=window_no_data
[ros2_control_node-2] [INFO] [1774777902.319518549] [RealMixedRobotBackend]: [Hightorque] classify=no_data
[ros2_control_node-2] [INFO] [1774777902.319536330] [RealMixedRobotBackend]: [Hightorque] set RTS/DTR active ok
[ros2_control_node-2] [INFO] [1774777902.319538500] [RealMixedRobotBackend]: [Hightorque] modem lines before_query: RTS=1 DTR=1 CTS=1 DSR=0 CD=0 RI=0
[ros2_control_node-2] [INFO] [1774777902.319542110] [RealMixedRobotBackend]: [Hightorque] reset_input_buffer=called reset_output_buffer=skipped
[ros2_control_node-2] [INFO] [1774777902.319577521] [RealMixedRobotBackend]: [Hightorque] write flush/drain: tcdrain=called
[ros2_control_node-2] [INFO] [1774777902.337978393] [RealMixedRobotBackend]: [Yiyou] poll summary: poll_loops=17 last_fionread=0 window_expired_reason=window_no_data
[ros2_control_node-2] [INFO] [1774777902.337991913] [RealMixedRobotBackend]: [Yiyou] raw rx reg=position_0x07 raw_len=0 ascii='' hex=
[ros2_control_node-2] [WARN] [1774777902.337995614] [RealMixedRobotBackend]: [Yiyou] no reply reg=position_0x07
[ros2_control_node-2] [INFO] [1774777902.338008744] [RealMixedRobotBackend]: [Yiyou] raw tx reg=velocity_0x06 ascii='t00220306\r' hex=74 30 30 32 32 30 33 30 36 0D
[ros2_control_node-2] [INFO] [1774777902.338028394] [RealMixedRobotBackend]: [Yiyou] write flush/drain: tcdrain=called
[ros2_control_node-2] [INFO] [1774777902.402551044] [RealMixedRobotBackend]: [Hightorque] poll summary: poll_loops=17 last_fionread=0 window_expired_reason=window_no_data
[ros2_control_node-2] [INFO] [1774777902.402570545] [RealMixedRobotBackend]: [Hightorque] classify=no_data
[ros2_control_node-2] [INFO] [1774777902.402589195] [RealMixedRobotBackend]: [Hightorque] set RTS/DTR active ok
[ros2_control_node-2] [INFO] [1774777902.402613046] [RealMixedRobotBackend]: [Hightorque] modem lines before_query: RTS=1 DTR=1 CTS=1 DSR=0 CD=0 RI=0
[ros2_control_node-2] [INFO] [1774777902.402616886] [RealMixedRobotBackend]: [Hightorque] reset_input_buffer=called reset_output_buffer=skipped
[ros2_control_node-2] [INFO] [1774777902.402653497] [RealMixedRobotBackend]: [Hightorque] write flush/drain: tcdrain=called
[ros2_control_node-2] [INFO] [1774777902.420935025] [RealMixedRobotBackend]: [Yiyou] poll summary: poll_loops=17 last_fionread=0 window_expired_reason=window_no_data
[ros2_control_node-2] [INFO] [1774777902.420952676] [RealMixedRobotBackend]: [Yiyou] raw rx reg=velocity_0x06 raw_len=0 ascii='' hex=
[ros2_control_node-2] [WARN] [1774777902.420956136] [RealMixedRobotBackend]: [Yiyou] no reply reg=velocity_0x06
[ros2_control_node-2] [INFO] [1774777902.420973576] [RealMixedRobotBackend]: [Yiyou] raw tx reg=enable_0x10 ascii='t00220310\r' hex=74 30 30 32 32 30 33 31 30 0D
[ros2_control_node-2] [INFO] [1774777902.420994417] [RealMixedRobotBackend]: [Yiyou] write flush/drain: tcdrain=called
[ros2_control_node-2] [INFO] [1774777902.485560228] [RealMixedRobotBackend]: [Hightorque] poll summary: poll_loops=17 last_fionread=0 window_expired_reason=window_no_data
[ros2_control_node-2] [INFO] [1774777902.485578488] [RealMixedRobotBackend]: [Hightorque] classify=no_data
[ros2_control_node-2] [INFO] [1774777902.485597569] [RealMixedRobotBackend]: [Hightorque] set RTS/DTR active ok
[ros2_control_node-2] [INFO] [1774777902.485599719] [RealMixedRobotBackend]: [Hightorque] modem lines before_query: RTS=1 DTR=1 CTS=1 DSR=0 CD=0 RI=0
[ros2_control_node-2] [INFO] [1774777902.485603139] [RealMixedRobotBackend]: [Hightorque] reset_input_buffer=called reset_output_buffer=skipped
[ros2_control_node-2] [INFO] [1774777902.485637040] [RealMixedRobotBackend]: [Hightorque] write flush/drain: tcdrain=called
[ros2_control_node-2] [INFO] [1774777902.503956159] [RealMixedRobotBackend]: [Yiyou] poll summary: poll_loops=17 last_fionread=0 window_expired_reason=window_no_data
[ros2_control_node-2] [INFO] [1774777902.503973790] [RealMixedRobotBackend]: [Yiyou] raw rx reg=enable_0x10 raw_len=0 ascii='' hex=
[ros2_control_node-2] [WARN] [1774777902.503977210] [RealMixedRobotBackend]: [Yiyou] no reply reg=enable_0x10
[ros2_control_node-2] [INFO] [1774777902.503994961] [RealMixedRobotBackend]: [Yiyou] raw tx reg=alarm_0x15 ascii='t00220315\r' hex=74 30 30 32 32 30 33 31 35 0D
[ros2_control_node-2] [INFO] [1774777902.504014661] [RealMixedRobotBackend]: [Yiyou] write flush/drain: tcdrain=called
[ros2_control_node-2] [INFO] [1774777902.568616493] [RealMixedRobotBackend]: [Hightorque] poll summary: poll_loops=17 last_fionread=0 window_expired_reason=window_no_data
[ros2_control_node-2] [INFO] [1774777902.568639154] [RealMixedRobotBackend]: [Hightorque] classify=no_data
[ros2_control_node-2] [INFO] [1774777902.568660074] [RealMixedRobotBackend]: [Hightorque] set RTS/DTR active ok
[ros2_control_node-2] [INFO] [1774777902.568662664] [RealMixedRobotBackend]: [Hightorque] modem lines before_query: RTS=1 DTR=1 CTS=1 DSR=0 CD=0 RI=0
[ros2_control_node-2] [INFO] [1774777902.568667295] [RealMixedRobotBackend]: [Hightorque] reset_input_buffer=called reset_output_buffer=skipped
[ros2_control_node-2] [INFO] [1774777902.568708726] [RealMixedRobotBackend]: [Hightorque] write flush/drain: tcdrain=called
[ros2_control_node-2] [INFO] [1774777902.586915022] [RealMixedRobotBackend]: [Yiyou] poll summary: poll_loops=17 last_fionread=0 window_expired_reason=window_no_data
[ros2_control_node-2] [INFO] [1774777902.586931902] [RealMixedRobotBackend]: [Yiyou] raw rx reg=alarm_0x15 raw_len=0 ascii='' hex=
[ros2_control_node-2] [WARN] [1774777902.586935102] [RealMixedRobotBackend]: [Yiyou] no reply reg=alarm_0x15
[ros2_control_node-2] [INFO] [1774777902.607023094] [RealMixedRobotBackend]: [Yiyou] raw tx reg=position_0x07 ascii='t00220307\r' hex=74 30 30 32 32 30 33 30 37 0D
[ros2_control_node-2] [INFO] [1774777902.607053255] [RealMixedRobotBackend]: [Yiyou] write flush/drain: tcdrain=called
[ros2_control_node-2] [INFO] [1774777902.651650038] [RealMixedRobotBackend]: [Hightorque] poll summary: poll_loops=17 last_fionread=0 window_expired_reason=window_no_data
[ros2_control_node-2] [WARN] [1774777902.651666068] [RealMixedRobotBackend]: [Hightorque] read_joint timeout/no-response (attempt=100, timeout_count=100)
[ros2_control_node-2] [INFO] [1774777902.651668488] [RealMixedRobotBackend]: [Hightorque] classify=no_data
[ros2_control_node-2] [INFO] [1774777902.661740955] [RealMixedRobotBackend]: [Hightorque] set RTS/DTR active ok
[ros2_control_node-2] [INFO] [1774777902.661752805] [RealMixedRobotBackend]: [Hightorque] modem lines before_query: RTS=1 DTR=1 CTS=1 DSR=0 CD=0 RI=0
[ros2_control_node-2] [INFO] [1774777902.661757585] [RealMixedRobotBackend]: [Hightorque] reset_input_buffer=called reset_output_buffer=skipped
[ros2_control_node-2] [INFO] [1774777902.661813777] [RealMixedRobotBackend]: [Hightorque] write flush/drain: tcdrain=called
[ros2_control_node-2] [INFO] [1774777902.690005327] [RealMixedRobotBackend]: [Yiyou] poll summary: poll_loops=17 last_fionread=0 window_expired_reason=window_no_data
[ros2_control_node-2] [INFO] [1774777902.690026467] [RealMixedRobotBackend]: [Yiyou] raw rx reg=position_0x07 raw_len=0 ascii='' hex=
[ros2_control_node-2] [WARN] [1774777902.690029188] [RealMixedRobotBackend]: [Yiyou] no reply reg=position_0x07
[ros2_control_node-2] [INFO] [1774777902.690049158] [RealMixedRobotBackend]: [Yiyou] raw tx reg=velocity_0x06 ascii='t00220306\r' hex=74 30 30 32 32 30 33 30 36 0D
[ros2_control_node-2] [INFO] [1774777902.690070849] [RealMixedRobotBackend]: [Yiyou] write flush/drain: tcdrain=called
[ros2_control_node-2] [INFO] [1774777902.744757819] [RealMixedRobotBackend]: [Hightorque] poll summary: poll_loops=17 last_fionread=0 window_expired_reason=window_no_data
[ros2_control_node-2] [INFO] [1774777902.744776829] [RealMixedRobotBackend]: [Hightorque] classify=no_data
[ros2_control_node-2] [INFO] [1774777902.744798240] [RealMixedRobotBackend]: [Hightorque] set RTS/DTR active ok
[ros2_control_node-2] [INFO] [1774777902.744800400] [RealMixedRobotBackend]: [Hightorque] modem lines before_query: RTS=1 DTR=1 CTS=1 DSR=0 CD=0 RI=0
[ros2_control_node-2] [INFO] [1774777902.744804190] [RealMixedRobotBackend]: [Hightorque] reset_input_buffer=called reset_output_buffer=skipped
[ros2_control_node-2] [INFO] [1774777902.744842051] [RealMixedRobotBackend]: [Hightorque] write flush/drain: tcdrain=called
[ros2_control_node-2] [INFO] [1774777902.773026541] [RealMixedRobotBackend]: [Yiyou] poll summary: poll_loops=17 last_fionread=0 window_expired_reason=window_no_data
[ros2_control_node-2] [INFO] [1774777902.773045221] [RealMixedRobotBackend]: [Yiyou] raw rx reg=velocity_0x06 raw_len=0 ascii='' hex=
[ros2_control_node-2] [WARN] [1774777902.773048191] [RealMixedRobotBackend]: [Yiyou] no reply reg=velocity_0x06
[ros2_control_node-2] [INFO] [1774777902.773064502] [RealMixedRobotBackend]: [Yiyou] raw tx reg=enable_0x10 ascii='t00220310\r' hex=74 30 30 32 32 30 33 31 30 0D
[ros2_control_node-2] [INFO] [1774777902.773086483] [RealMixedRobotBackend]: [Yiyou] write flush/drain: tcdrain=called
[ros2_control_node-2] [INFO] [1774777902.827755412] [RealMixedRobotBackend]: [Hightorque] poll summary: poll_loops=17 last_fionread=0 window_expired_reason=window_no_data
[ros2_control_node-2] [INFO] [1774777902.827772983] [RealMixedRobotBackend]: [Hightorque] classify=no_data
[ros2_control_node-2] [INFO] [1774777902.827791793] [RealMixedRobotBackend]: [Hightorque] set RTS/DTR active ok
[ros2_control_node-2] [INFO] [1774777902.827794563] [RealMixedRobotBackend]: [Hightorque] modem lines before_query: RTS=1 DTR=1 CTS=1 DSR=0 CD=0 RI=0
[ros2_control_node-2] [INFO] [1774777902.827799613] [RealMixedRobotBackend]: [Hightorque] reset_input_buffer=called reset_output_buffer=skipped
[ros2_control_node-2] [INFO] [1774777902.827836655] [RealMixedRobotBackend]: [Hightorque] write flush/drain: tcdrain=called
[ros2_control_node-2] [INFO] [1774777902.856177819] [RealMixedRobotBackend]: [Yiyou] poll summary: poll_loops=17 last_fionread=0 window_expired_reason=window_no_data
[ros2_control_node-2] [INFO] [1774777902.856194839] [RealMixedRobotBackend]: [Yiyou] raw rx reg=enable_0x10 raw_len=0 ascii='' hex=
[ros2_control_node-2] [WARN] [1774777902.856197860] [RealMixedRobotBackend]: [Yiyou] no reply reg=enable_0x10
[ros2_control_node-2] [INFO] [1774777902.856212500] [RealMixedRobotBackend]: [Yiyou] raw tx reg=alarm_0x15 ascii='t00220315\r' hex=74 30 30 32 32 30 33 31 35 0D
[ros2_control_node-2] [INFO] [1774777902.856232681] [RealMixedRobotBackend]: [Yiyou] write flush/drain: tcdrain=called
[ros2_control_node-2] [INFO] [1774777902.910792397] [RealMixedRobotBackend]: [Hightorque] poll summary: poll_loops=17 last_fionread=0 window_expired_reason=window_no_data
[ros2_control_node-2] [INFO] [1774777902.910812708] [RealMixedRobotBackend]: [Hightorque] classify=no_data
[ros2_control_node-2] [INFO] [1774777902.910830318] [RealMixedRobotBackend]: [Hightorque] set RTS/DTR active ok
[ros2_control_node-2] [INFO] [1774777902.910832568] [RealMixedRobotBackend]: [Hightorque] modem lines before_query: RTS=1 DTR=1 CTS=1 DSR=0 CD=0 RI=0
[ros2_control_node-2] [INFO] [1774777902.910836758] [RealMixedRobotBackend]: [Hightorque] reset_input_buffer=called reset_output_buffer=skipped
[ros2_control_node-2] [INFO] [1774777902.910872729] [RealMixedRobotBackend]: [Hightorque] write flush/drain: tcdrain=called
[ros2_control_node-2] [INFO] [1774777902.939134001] [RealMixedRobotBackend]: [Yiyou] poll summary: poll_loops=17 last_fionread=0 window_expired_reason=window_no_data
[ros2_control_node-2] [WARN] [1774777902.939171772] [RealMixedRobotBackend]: [Yiyou] read_joint timeout/no-response (attempt=25, timeout_count=100)
[ros2_control_node-2] [INFO] [1774777902.939175083] [RealMixedRobotBackend]: [Yiyou] raw rx reg=alarm_0x15 raw_len=0 ascii='' hex=
[ros2_control_node-2] [WARN] [1774777902.939178053] [RealMixedRobotBackend]: [Yiyou] no reply reg=alarm_0x15
[ros2_control_node-2] [INFO] [1774777902.959265674] [RealMixedRobotBackend]: [Yiyou] raw tx reg=position_0x07 ascii='t00220307\r' hex=74 30 30 32 32 30 33 30 37 0D
[ros2_control_node-2] [INFO] [1774777902.959296295] [RealMixedRobotBackend]: [Yiyou] write flush/drain: tcdrain=called
[ros2_control_node-2] [INFO] [1774777902.993812151] [RealMixedRobotBackend]: [Hightorque] poll summary: poll_loops=17 last_fionread=0 window_expired_reason=window_no_data
[ros2_control_node-2] [INFO] [1774777902.993828071] [RealMixedRobotBackend]: [Hightorque] classify=no_data
[ros2_control_node-2] [INFO] [1774777902.993844552] [RealMixedRobotBackend]: [Hightorque] set RTS/DTR active ok
[ros2_control_node-2] [INFO] [1774777902.993846922] [RealMixedRobotBackend]: [Hightorque] modem lines before_query: RTS=1 DTR=1 CTS=1 DSR=0 CD=0 RI=0
[ros2_control_node-2] [INFO] [1774777902.993850822] [RealMixedRobotBackend]: [Hightorque] reset_input_buffer=called reset_output_buffer=skipped
[ros2_control_node-2] [INFO] [1774777902.993883103] [RealMixedRobotBackend]: [Hightorque] write flush/drain: tcdrain=called
[ros2_control_node-2] [INFO] [1774777903.042239106] [RealMixedRobotBackend]: [Yiyou] poll summary: poll_loops=17 last_fionread=0 window_expired_reason=window_no_data
[ros2_control_node-2] [INFO] [1774777903.042257717] [RealMixedRobotBackend]: [Yiyou] raw rx reg=position_0x07 raw_len=0 ascii='' hex=
[ros2_control_node-2] [WARN] [1774777903.042260687] [RealMixedRobotBackend]: [Yiyou] no reply reg=position_0x07
[ros2_control_node-2] [INFO] [1774777903.042277628] [RealMixedRobotBackend]: [Yiyou] raw tx reg=velocity_0x06 ascii='t00220306\r' hex=74 30 30 32 32 30 33 30 36 0D
[ros2_control_node-2] [INFO] [1774777903.042297848] [RealMixedRobotBackend]: [Yiyou] write flush/drain: tcdrain=called
[ros2_control_node-2] [INFO] [1774777903.076809924] [RealMixedRobotBackend]: [Hightorque] poll summary: poll_loops=17 last_fionread=0 window_expired_reason=window_no_data
[ros2_control_node-2] [INFO] [1774777903.076829914] [RealMixedRobotBackend]: [Hightorque] classify=no_data
[ros2_control_node-2] [INFO] [1774777903.086903381] [RealMixedRobotBackend]: [Hightorque] set RTS/DTR active ok
[ros2_control_node-2] [INFO] [1774777903.086914881] [RealMixedRobotBackend]: [Hightorque] modem lines before_query: RTS=1 DTR=1 CTS=1 DSR=0 CD=0 RI=0
[ros2_control_node-2] [INFO] [1774777903.086918971] [RealMixedRobotBackend]: [Hightorque] reset_input_buffer=called reset_output_buffer=skipped
[ros2_control_node-2] [INFO] [1774777903.086953502] [RealMixedRobotBackend]: [Hightorque] write flush/drain: tcdrain=called
[ros2_control_node-2] [INFO] [1774777903.125255599] [RealMixedRobotBackend]: [Yiyou] poll summary: poll_loops=17 last_fionread=0 window_expired_reason=window_no_data
[ros2_control_node-2] [INFO] [1774777903.125272290] [RealMixedRobotBackend]: [Yiyou] raw rx reg=velocity_0x06 raw_len=0 ascii='' hex=
[ros2_control_node-2] [WARN] [1774777903.125275340] [RealMixedRobotBackend]: [Yiyou] no reply reg=velocity_0x06
[ros2_control_node-2] [INFO] [1774777903.125293170] [RealMixedRobotBackend]: [Yiyou] raw tx reg=enable_0x10 ascii='t00220310\r' hex=74 30 30 32 32 30 33 31 30 0D
[ros2_control_node-2] [INFO] [1774777903.125313521] [RealMixedRobotBackend]: [Yiyou] write flush/drain: tcdrain=called
[ros2_control_node-2] [INFO] [1774777903.169972575] [RealMixedRobotBackend]: [Hightorque] poll summary: poll_loops=17 last_fionread=0 window_expired_reason=window_no_data
[ros2_control_node-2] [INFO] [1774777903.169988976] [RealMixedRobotBackend]: [Hightorque] classify=no_data
[ros2_control_node-2] [INFO] [1774777903.170004656] [RealMixedRobotBackend]: [Hightorque] set RTS/DTR active ok
[ros2_control_node-2] [INFO] [1774777903.170007056] [RealMixedRobotBackend]: [Hightorque] modem lines before_query: RTS=1 DTR=1 CTS=1 DSR=0 CD=0 RI=0
[ros2_control_node-2] [INFO] [1774777903.170010657] [RealMixedRobotBackend]: [Hightorque] reset_input_buffer=called reset_output_buffer=skipped
[ros2_control_node-2] [INFO] [1774777903.170043388] [RealMixedRobotBackend]: [Hightorque] write flush/drain: tcdrain=called
[ros2_control_node-2] [INFO] [1774777903.208256412] [RealMixedRobotBackend]: [Yiyou] poll summary: poll_loops=17 last_fionread=0 window_expired_reason=window_no_data
[ros2_control_node-2] [INFO] [1774777903.208277663] [RealMixedRobotBackend]: [Yiyou] raw rx reg=enable_0x10 raw_len=0 ascii='' hex=
[ros2_control_node-2] [WARN] [1774777903.208280253] [RealMixedRobotBackend]: [Yiyou] no reply reg=enable_0x10
[ros2_control_node-2] [INFO] [1774777903.208322894] [RealMixedRobotBackend]: [Yiyou] raw tx reg=alarm_0x15 ascii='t00220315\r' hex=74 30 30 32 32 30 33 31 35 0D
[ros2_control_node-2] [INFO] [1774777903.208345845] [RealMixedRobotBackend]: [Yiyou] write flush/drain: tcdrain=called
[ros2_control_node-2] [INFO] [1774777903.252975228] [RealMixedRobotBackend]: [Hightorque] poll summary: poll_loops=17 last_fionread=0 window_expired_reason=window_no_data
[ros2_control_node-2] [INFO] [1774777903.252994949] [RealMixedRobotBackend]: [Hightorque] classify=no_data
[ros2_control_node-2] [INFO] [1774777903.253016169] [RealMixedRobotBackend]: [Hightorque] set RTS/DTR active ok
[ros2_control_node-2] [INFO] [1774777903.253019169] [RealMixedRobotBackend]: [Hightorque] modem lines before_query: RTS=1 DTR=1 CTS=1 DSR=0 CD=0 RI=0
[ros2_control_node-2] [INFO] [1774777903.253023759] [RealMixedRobotBackend]: [Hightorque] reset_input_buffer=called reset_output_buffer=skipped
[ros2_control_node-2] [INFO] [1774777903.253061400] [RealMixedRobotBackend]: [Hightorque] write flush/drain: tcdrain=called
[ros2_control_node-2] [INFO] [1774777903.291300246] [RealMixedRobotBackend]: [Yiyou] poll summary: poll_loops=17 last_fionread=0 window_expired_reason=window_no_data
[ros2_control_node-2] [INFO] [1774777903.291320837] [RealMixedRobotBackend]: [Yiyou] raw rx reg=alarm_0x15 raw_len=0 ascii='' hex=
[ros2_control_node-2] [WARN] [1774777903.291323787] [RealMixedRobotBackend]: [Yiyou] no reply reg=alarm_0x15
[ros2_control_node-2] [INFO] [1774777903.311416268] [RealMixedRobotBackend]: [Yiyou] raw tx reg=position_0x07 ascii='t00220307\r' hex=74 30 30 32 32 30 33 30 37 0D
[ros2_control_node-2] [INFO] [1774777903.311451949] [RealMixedRobotBackend]: [Yiyou] write flush/drain: tcdrain=called
[ros2_control_node-2] [INFO] [1774777903.336002492] [RealMixedRobotBackend]: [Hightorque] poll summary: poll_loops=17 last_fionread=0 window_expired_reason=window_no_data
[ros2_control_node-2] [INFO] [1774777903.336020442] [RealMixedRobotBackend]: [Hightorque] classify=no_data
[ros2_control_node-2] [INFO] [1774777903.336038753] [RealMixedRobotBackend]: [Hightorque] set RTS/DTR active ok
[ros2_control_node-2] [INFO] [1774777903.336041083] [RealMixedRobotBackend]: [Hightorque] modem lines before_query: RTS=1 DTR=1 CTS=1 DSR=0 CD=0 RI=0
[ros2_control_node-2] [INFO] [1774777903.336045023] [RealMixedRobotBackend]: [Hightorque] reset_input_buffer=called reset_output_buffer=skipped
[ros2_control_node-2] [INFO] [1774777903.336081324] [RealMixedRobotBackend]: [Hightorque] write flush/drain: tcdrain=called
[ros2_control_node-2] [INFO] [1774777903.394391800] [RealMixedRobotBackend]: [Yiyou] poll summary: poll_loops=17 last_fionread=0 window_expired_reason=window_no_data
[ros2_control_node-2] [INFO] [1774777903.394411760] [RealMixedRobotBackend]: [Yiyou] raw rx reg=position_0x07 raw_len=0 ascii='' hex=
[ros2_control_node-2] [WARN] [1774777903.394415100] [RealMixedRobotBackend]: [Yiyou] no reply reg=position_0x07
[ros2_control_node-2] [INFO] [1774777903.394435541] [RealMixedRobotBackend]: [Yiyou] raw tx reg=velocity_0x06 ascii='t00220306\r' hex=74 30 30 32 32 30 33 30 36 0D
[ros2_control_node-2] [INFO] [1774777903.394457942] [RealMixedRobotBackend]: [Yiyou] write flush/drain: tcdrain=called
[ros2_control_node-2] [INFO] [1774777903.419007854] [RealMixedRobotBackend]: [Hightorque] poll summary: poll_loops=17 last_fionread=0 window_expired_reason=window_no_data
[ros2_control_node-2] [INFO] [1774777903.419025955] [RealMixedRobotBackend]: [Hightorque] classify=no_data
[ros2_control_node-2] [INFO] [1774777903.419045525] [RealMixedRobotBackend]: [Hightorque] set RTS/DTR active ok
[ros2_control_node-2] [INFO] [1774777903.419047595] [RealMixedRobotBackend]: [Hightorque] modem lines before_query: RTS=1 DTR=1 CTS=1 DSR=0 CD=0 RI=0
[ros2_control_node-2] [INFO] [1774777903.419051606] [RealMixedRobotBackend]: [Hightorque] reset_input_buffer=called reset_output_buffer=skipped
[ros2_control_node-2] [INFO] [1774777903.419087847] [RealMixedRobotBackend]: [Hightorque] write flush/drain: tcdrain=called
[ros2_control_node-2] [INFO] [1774777903.477391053] [RealMixedRobotBackend]: [Yiyou] poll summary: poll_loops=17 last_fionread=0 window_expired_reason=window_no_data
[ros2_control_node-2] [INFO] [1774777903.477414923] [RealMixedRobotBackend]: [Yiyou] raw rx reg=velocity_0x06 raw_len=0 ascii='' hex=
[ros2_control_node-2] [WARN] [1774777903.477418563] [RealMixedRobotBackend]: [Yiyou] no reply reg=velocity_0x06
[ros2_control_node-2] [INFO] [1774777903.477438674] [RealMixedRobotBackend]: [Yiyou] raw tx reg=enable_0x10 ascii='t00220310\r' hex=74 30 30 32 32 30 33 31 30 0D
[ros2_control_node-2] [INFO] [1774777903.477461505] [RealMixedRobotBackend]: [Yiyou] write flush/drain: tcdrain=called
[ros2_control_node-2] [INFO] [1774777903.502025947] [RealMixedRobotBackend]: [Hightorque] poll summary: poll_loops=17 last_fionread=0 window_expired_reason=window_no_data
[ros2_control_node-2] [INFO] [1774777903.502062938] [RealMixedRobotBackend]: [Hightorque] classify=no_data
[ros2_control_node-2] [INFO] [1774777903.512137485] [RealMixedRobotBackend]: [Hightorque] set RTS/DTR active ok
[ros2_control_node-2] [INFO] [1774777903.512148175] [RealMixedRobotBackend]: [Hightorque] modem lines before_query: RTS=1 DTR=1 CTS=1 DSR=0 CD=0 RI=0
[ros2_control_node-2] [INFO] [1774777903.512152125] [RealMixedRobotBackend]: [Hightorque] reset_input_buffer=called reset_output_buffer=skipped
[ros2_control_node-2] [INFO] [1774777903.512185266] [RealMixedRobotBackend]: [Hightorque] write flush/drain: tcdrain=called
[ros2_control_node-2] [INFO] [1774777903.560389935] [RealMixedRobotBackend]: [Yiyou] poll summary: poll_loops=17 last_fionread=0 window_expired_reason=window_no_data
[ros2_control_node-2] [INFO] [1774777903.560410875] [RealMixedRobotBackend]: [Yiyou] raw rx reg=enable_0x10 raw_len=0 ascii='' hex=
[ros2_control_node-2] [WARN] [1774777903.560413766] [RealMixedRobotBackend]: [Yiyou] no reply reg=enable_0x10
[ros2_control_node-2] [INFO] [1774777903.560433416] [RealMixedRobotBackend]: [Yiyou] raw tx reg=alarm_0x15 ascii='t00220315\r' hex=74 30 30 32 32 30 33 31 35 0D
[ros2_control_node-2] [INFO] [1774777903.560453497] [RealMixedRobotBackend]: [Yiyou] write flush/drain: tcdrain=called
[ros2_control_node-2] [INFO] [1774777903.595167098] [RealMixedRobotBackend]: [Hightorque] poll summary: poll_loops=17 last_fionread=0 window_expired_reason=window_no_data
[ros2_control_node-2] [INFO] [1774777903.595183769] [RealMixedRobotBackend]: [Hightorque] classify=no_data
[ros2_control_node-2] [INFO] [1774777903.595202329] [RealMixedRobotBackend]: [Hightorque] set RTS/DTR active ok
[ros2_control_node-2] [INFO] [1774777903.595204299] [RealMixedRobotBackend]: [Hightorque] modem lines before_query: RTS=1 DTR=1 CTS=1 DSR=0 CD=0 RI=0
[ros2_control_node-2] [INFO] [1774777903.595207790] [RealMixedRobotBackend]: [Hightorque] reset_input_buffer=called reset_output_buffer=skipped
[ros2_control_node-2] [INFO] [1774777903.595242051] [RealMixedRobotBackend]: [Hightorque] write flush/drain: tcdrain=called
[ros2_control_node-2] [INFO] [1774777903.643389958] [RealMixedRobotBackend]: [Yiyou] poll summary: poll_loops=17 last_fionread=0 window_expired_reason=window_no_data
[ros2_control_node-2] [INFO] [1774777903.643407948] [RealMixedRobotBackend]: [Yiyou] raw rx reg=alarm_0x15 raw_len=0 ascii='' hex=
[ros2_control_node-2] [WARN] [1774777903.643411018] [RealMixedRobotBackend]: [Yiyou] no reply reg=alarm_0x15
[ros2_control_node-2] [INFO] [1774777903.663501579] [RealMixedRobotBackend]: [Yiyou] raw tx reg=position_0x07 ascii='t00220307\r' hex=74 30 30 32 32 30 33 30 37 0D
[ros2_control_node-2] [INFO] [1774777903.663534030] [RealMixedRobotBackend]: [Yiyou] write flush/drain: tcdrain=called
[ros2_control_node-2] [INFO] [1774777903.678162461] [RealMixedRobotBackend]: [Hightorque] poll summary: poll_loops=17 last_fionread=0 window_expired_reason=window_no_data
[ros2_control_node-2] [INFO] [1774777903.678177941] [RealMixedRobotBackend]: [Hightorque] classify=no_data
[ros2_control_node-2] [INFO] [1774777903.678195662] [RealMixedRobotBackend]: [Hightorque] set RTS/DTR active ok
[ros2_control_node-2] [INFO] [1774777903.678198112] [RealMixedRobotBackend]: [Hightorque] modem lines before_query: RTS=1 DTR=1 CTS=1 DSR=0 CD=0 RI=0
[ros2_control_node-2] [INFO] [1774777903.678201762] [RealMixedRobotBackend]: [Hightorque] reset_input_buffer=called reset_output_buffer=skipped
[ros2_control_node-2] [INFO] [1774777903.678234423] [RealMixedRobotBackend]: [Hightorque] write flush/drain: tcdrain=called
[ros2_control_node-2] [INFO] [1774777903.746440050] [RealMixedRobotBackend]: [Yiyou] poll summary: poll_loops=17 last_fionread=0 window_expired_reason=window_no_data
[ros2_control_node-2] [INFO] [1774777903.746459231] [RealMixedRobotBackend]: [Yiyou] raw rx reg=position_0x07 raw_len=0 ascii='' hex=
[ros2_control_node-2] [WARN] [1774777903.746461961] [RealMixedRobotBackend]: [Yiyou] no reply reg=position_0x07
[ros2_control_node-2] [INFO] [1774777903.746482951] [RealMixedRobotBackend]: [Yiyou] raw tx reg=velocity_0x06 ascii='t00220306\r' hex=74 30 30 32 32 30 33 30 36 0D
[ros2_control_node-2] [INFO] [1774777903.746498172] [RealMixedRobotBackend]: [Yiyou] write flush/drain: tcdrain=called
[ros2_control_node-2] [INFO] [1774777903.761174844] [RealMixedRobotBackend]: [Hightorque] poll summary: poll_loops=17 last_fionread=0 window_expired_reason=window_no_data
[ros2_control_node-2] [INFO] [1774777903.761188694] [RealMixedRobotBackend]: [Hightorque] classify=no_data
[ros2_control_node-2] [INFO] [1774777903.761204215] [RealMixedRobotBackend]: [Hightorque] set RTS/DTR active ok
[ros2_control_node-2] [INFO] [1774777903.761206195] [RealMixedRobotBackend]: [Hightorque] modem lines before_query: RTS=1 DTR=1 CTS=1 DSR=0 CD=0 RI=0
[ros2_control_node-2] [INFO] [1774777903.761209785] [RealMixedRobotBackend]: [Hightorque] reset_input_buffer=called reset_output_buffer=skipped
[ros2_control_node-2] [INFO] [1774777903.761239826] [RealMixedRobotBackend]: [Hightorque] write flush/drain: tcdrain=called
[ros2_control_node-2] [INFO] [1774777903.829443823] [RealMixedRobotBackend]: [Yiyou] poll summary: poll_loops=17 last_fionread=0 window_expired_reason=window_no_data
[ros2_control_node-2] [INFO] [1774777903.829463764] [RealMixedRobotBackend]: [Yiyou] raw rx reg=velocity_0x06 raw_len=0 ascii='' hex=
[ros2_control_node-2] [WARN] [1774777903.829466694] [RealMixedRobotBackend]: [Yiyou] no reply reg=velocity_0x06
[ros2_control_node-2] [INFO] [1774777903.829484394] [RealMixedRobotBackend]: [Yiyou] raw tx reg=enable_0x10 ascii='t00220310\r' hex=74 30 30 32 32 30 33 31 30 0D
[ros2_control_node-2] [INFO] [1774777903.829504315] [RealMixedRobotBackend]: [Yiyou] write flush/drain: tcdrain=called
[ros2_control_node-2] [INFO] [1774777903.844182937] [RealMixedRobotBackend]: [Hightorque] poll summary: poll_loops=17 last_fionread=0 window_expired_reason=window_no_data
[ros2_control_node-2] [INFO] [1774777903.844199067] [RealMixedRobotBackend]: [Hightorque] classify=no_data
[ros2_control_node-2] [INFO] [1774777903.844217798] [RealMixedRobotBackend]: [Hightorque] set RTS/DTR active ok
[ros2_control_node-2] [INFO] [1774777903.844219918] [RealMixedRobotBackend]: [Hightorque] modem lines before_query: RTS=1 DTR=1 CTS=1 DSR=0 CD=0 RI=0
[ros2_control_node-2] [INFO] [1774777903.844223358] [RealMixedRobotBackend]: [Hightorque] reset_input_buffer=called reset_output_buffer=skipped
[ros2_control_node-2] [INFO] [1774777903.844257909] [RealMixedRobotBackend]: [Hightorque] write flush/drain: tcdrain=called
[ros2_control_node-2] [INFO] [1774777903.912387104] [RealMixedRobotBackend]: [Yiyou] poll summary: poll_loops=17 last_fionread=0 window_expired_reason=window_no_data
[ros2_control_node-2] [INFO] [1774777903.912406574] [RealMixedRobotBackend]: [Yiyou] raw rx reg=enable_0x10 raw_len=0 ascii='' hex=
[ros2_control_node-2] [WARN] [1774777903.912410164] [RealMixedRobotBackend]: [Yiyou] no reply reg=enable_0x10
[ros2_control_node-2] [INFO] [1774777903.912430185] [RealMixedRobotBackend]: [Yiyou] raw tx reg=alarm_0x15 ascii='t00220315\r' hex=74 30 30 32 32 30 33 31 35 0D
[ros2_control_node-2] [INFO] [1774777903.912449256] [RealMixedRobotBackend]: [Yiyou] write flush/drain: tcdrain=called
[ros2_control_node-2] [INFO] [1774777903.927222351] [RealMixedRobotBackend]: [Hightorque] poll summary: poll_loops=17 last_fionread=0 window_expired_reason=window_no_data
[ros2_control_node-2] [INFO] [1774777903.927233501] [RealMixedRobotBackend]: [Hightorque] classify=no_data
[ros2_control_node-2] [INFO] [1774777903.937307237] [RealMixedRobotBackend]: [Hightorque] set RTS/DTR active ok
[ros2_control_node-2] [INFO] [1774777903.937315367] [RealMixedRobotBackend]: [Hightorque] modem lines before_query: RTS=1 DTR=1 CTS=1 DSR=0 CD=0 RI=0
[ros2_control_node-2] [INFO] [1774777903.937319028] [RealMixedRobotBackend]: [Hightorque] reset_input_buffer=called reset_output_buffer=skipped
[ros2_control_node-2] [INFO] [1774777903.937351949] [RealMixedRobotBackend]: [Hightorque] write flush/drain: tcdrain=called
[ros2_control_node-2] [INFO] [1774777903.995345505] [RealMixedRobotBackend]: [Yiyou] poll summary: poll_loops=17 last_fionread=0 window_expired_reason=window_no_data
[ros2_control_node-2] [INFO] [1774777903.995364526] [RealMixedRobotBackend]: [Yiyou] raw rx reg=alarm_0x15 raw_len=0 ascii='' hex=
[ros2_control_node-2] [WARN] [1774777903.995367796] [RealMixedRobotBackend]: [Yiyou] no reply reg=alarm_0x15
[ros2_control_node-2] [INFO] [1774777904.015462427] [RealMixedRobotBackend]: [Yiyou] raw tx reg=position_0x07 ascii='t00220307\r' hex=74 30 30 32 32 30 33 30 37 0D
[ros2_control_node-2] [INFO] [1774777904.015500008] [RealMixedRobotBackend]: [Yiyou] write flush/drain: tcdrain=called
[ros2_control_node-2] [INFO] [1774777904.020316000] [RealMixedRobotBackend]: [Hightorque] poll summary: poll_loops=17 last_fionread=0 window_expired_reason=window_no_data
[ros2_control_node-2] [INFO] [1774777904.020330920] [RealMixedRobotBackend]: [Hightorque] classify=no_data
[ros2_control_node-2] [INFO] [1774777904.020354371] [RealMixedRobotBackend]: [Hightorque] set RTS/DTR active ok
[ros2_control_node-2] [INFO] [1774777904.020356771] [RealMixedRobotBackend]: [Hightorque] modem lines before_query: RTS=1 DTR=1 CTS=1 DSR=0 CD=0 RI=0
[ros2_control_node-2] [INFO] [1774777904.020382452] [RealMixedRobotBackend]: [Hightorque] reset_input_buffer=called reset_output_buffer=skipped
[ros2_control_node-2] [INFO] [1774777904.020415013] [RealMixedRobotBackend]: [Hightorque] write flush/drain: tcdrain=called
[ros2_control_node-2] [INFO] [1774777904.098442828] [RealMixedRobotBackend]: [Yiyou] poll summary: poll_loops=17 last_fionread=0 window_expired_reason=window_no_data
[ros2_control_node-2] [INFO] [1774777904.098463809] [RealMixedRobotBackend]: [Yiyou] raw rx reg=position_0x07 raw_len=0 ascii='' hex=
[ros2_control_node-2] [WARN] [1774777904.098466929] [RealMixedRobotBackend]: [Yiyou] no reply reg=position_0x07
[ros2_control_node-2] [INFO] [1774777904.098487290] [RealMixedRobotBackend]: [Yiyou] raw tx reg=velocity_0x06 ascii='t00220306\r' hex=74 30 30 32 32 30 33 30 36 0D
[ros2_control_node-2] [INFO] [1774777904.098508300] [RealMixedRobotBackend]: [Yiyou] write flush/drain: tcdrain=called
[ros2_control_node-2] [INFO] [1774777904.103336152] [RealMixedRobotBackend]: [Hightorque] poll summary: poll_loops=17 last_fionread=0 window_expired_reason=window_no_data
[ros2_control_node-2] [INFO] [1774777904.103346152] [RealMixedRobotBackend]: [Hightorque] classify=no_data
[ros2_control_node-2] [INFO] [1774777904.103365233] [RealMixedRobotBackend]: [Hightorque] set RTS/DTR active ok
[ros2_control_node-2] [INFO] [1774777904.103367093] [RealMixedRobotBackend]: [Hightorque] modem lines before_query: RTS=1 DTR=1 CTS=1 DSR=0 CD=0 RI=0
[ros2_control_node-2] [INFO] [1774777904.103370553] [RealMixedRobotBackend]: [Hightorque] reset_input_buffer=called reset_output_buffer=skipped
[ros2_control_node-2] [INFO] [1774777904.103396684] [RealMixedRobotBackend]: [Hightorque] write flush/drain: tcdrain=called
[ros2_control_node-2] [INFO] [1774777904.150456398] [RealMixedRobotBackend]: read_all_joint_states: cycle=1000 completed for 6 joints (cache snapshot only; no serial IO in read path)
[ros2_control_node-2] [INFO] [1774777904.150471859] [RobotArmHardwareSystem]: read: cycle=1000 updated joint state buffer for 6 joints
[ros2_control_node-2] [INFO] [1774777904.181443530] [RealMixedRobotBackend]: [Yiyou] poll summary: poll_loops=17 last_fionread=0 window_expired_reason=window_no_data
[ros2_control_node-2] [INFO] [1774777904.181460610] [RealMixedRobotBackend]: [Yiyou] raw rx reg=velocity_0x06 raw_len=0 ascii='' hex=
[ros2_control_node-2] [WARN] [1774777904.181464410] [RealMixedRobotBackend]: [Yiyou] no reply reg=velocity_0x06
[ros2_control_node-2] [INFO] [1774777904.181482321] [RealMixedRobotBackend]: [Yiyou] raw tx reg=enable_0x10 ascii='t00220310\r' hex=74 30 30 32 32 30 33 31 30 0D
[ros2_control_node-2] [INFO] [1774777904.181499941] [RealMixedRobotBackend]: [Yiyou] write flush/drain: tcdrain=called
[ros2_control_node-2] [INFO] [1774777904.186340484] [RealMixedRobotBackend]: [Hightorque] poll summary: poll_loops=17 last_fionread=0 window_expired_reason=window_no_data
[ros2_control_node-2] [INFO] [1774777904.186352854] [RealMixedRobotBackend]: [Hightorque] classify=no_data
[ros2_control_node-2] [INFO] [1774777904.186372285] [RealMixedRobotBackend]: [Hightorque] set RTS/DTR active ok
[ros2_control_node-2] [INFO] [1774777904.186374225] [RealMixedRobotBackend]: [Hightorque] modem lines before_query: RTS=1 DTR=1 CTS=1 DSR=0 CD=0 RI=0
[ros2_control_node-2] [INFO] [1774777904.186377645] [RealMixedRobotBackend]: [Hightorque] reset_input_buffer=called reset_output_buffer=skipped
[ros2_control_node-2] [INFO] [1774777904.186404036] [RealMixedRobotBackend]: [Hightorque] write flush/drain: tcdrain=called
[ros2_control_node-2] [INFO] [1774777904.190026882] [RealMixedRobotBackend]: hightorque_tx_loop: cycle=500 jobs=0 total_us=0
[ros2_control_node-2] [INFO] [1774777904.264410640] [RealMixedRobotBackend]: [Yiyou] poll summary: poll_loops=17 last_fionread=0 window_expired_reason=window_no_data
[ros2_control_node-2] [INFO] [1774777904.264426601] [RealMixedRobotBackend]: [Yiyou] raw rx reg=enable_0x10 raw_len=0 ascii='' hex=
[ros2_control_node-2] [WARN] [1774777904.264429201] [RealMixedRobotBackend]: [Yiyou] no reply reg=enable_0x10
[ros2_control_node-2] [INFO] [1774777904.264444701] [RealMixedRobotBackend]: [Yiyou] raw tx reg=alarm_0x15 ascii='t00220315\r' hex=74 30 30 32 32 30 33 31 35 0D
[ros2_control_node-2] [INFO] [1774777904.264465042] [RealMixedRobotBackend]: [Yiyou] write flush/drain: tcdrain=called
[ros2_control_node-2] [INFO] [1774777904.269336605] [RealMixedRobotBackend]: [Hightorque] poll summary: poll_loops=17 last_fionread=0 window_expired_reason=window_no_data
[ros2_control_node-2] [INFO] [1774777904.269346576] [RealMixedRobotBackend]: [Hightorque] classify=no_data
[ros2_control_node-2] [INFO] [1774777904.269362106] [RealMixedRobotBackend]: [Hightorque] set RTS/DTR active ok
[ros2_control_node-2] [INFO] [1774777904.269376677] [RealMixedRobotBackend]: [Hightorque] modem lines before_query: RTS=1 DTR=1 CTS=1 DSR=0 CD=0 RI=0
[ros2_control_node-2] [INFO] [1774777904.269379657] [RealMixedRobotBackend]: [Hightorque] reset_input_buffer=called reset_output_buffer=skipped
[ros2_control_node-2] [INFO] [1774777904.269403657] [RealMixedRobotBackend]: [Hightorque] write flush/drain: tcdrain=called
[ros2_control_node-2] [INFO] [1774777904.347389631] [RealMixedRobotBackend]: [Yiyou] poll summary: poll_loops=17 last_fionread=0 window_expired_reason=window_no_data
[ros2_control_node-2] [INFO] [1774777904.347406212] [RealMixedRobotBackend]: [Yiyou] raw rx reg=alarm_0x15 raw_len=0 ascii='' hex=
[ros2_control_node-2] [WARN] [1774777904.347409792] [RealMixedRobotBackend]: [Yiyou] no reply reg=alarm_0x15
[ros2_control_node-2] [INFO] [1774777904.352337067] [RealMixedRobotBackend]: [Hightorque] poll summary: poll_loops=17 last_fionread=0 window_expired_reason=window_no_data
[ros2_control_node-2] [INFO] [1774777904.352345887] [RealMixedRobotBackend]: [Hightorque] classify=no_data
[ros2_control_node-2] [INFO] [1774777904.362417053] [RealMixedRobotBackend]: [Hightorque] set RTS/DTR active ok
[ros2_control_node-2] [INFO] [1774777904.362423544] [RealMixedRobotBackend]: [Hightorque] modem lines before_query: RTS=1 DTR=1 CTS=1 DSR=0 CD=0 RI=0
[ros2_control_node-2] [INFO] [1774777904.362426924] [RealMixedRobotBackend]: [Hightorque] reset_input_buffer=called reset_output_buffer=skipped
[ros2_control_node-2] [INFO] [1774777904.362457965] [RealMixedRobotBackend]: [Hightorque] write flush/drain: tcdrain=called
[ros2_control_node-2] [INFO] [1774777904.367489473] [RealMixedRobotBackend]: [Yiyou] raw tx reg=position_0x07 ascii='t00220307\r' hex=74 30 30 32 32 30 33 30 37 0D
[ros2_control_node-2] [INFO] [1774777904.367508803] [RealMixedRobotBackend]: [Yiyou] write flush/drain: tcdrain=called
[ros2_control_node-2] [INFO] [1774777904.445388544] [RealMixedRobotBackend]: [Hightorque] poll summary: poll_loops=17 last_fionread=0 window_expired_reason=window_no_data
[ros2_control_node-2] [INFO] [1774777904.445402725] [RealMixedRobotBackend]: [Hightorque] classify=no_data
[ros2_control_node-2] [INFO] [1774777904.445415925] [RealMixedRobotBackend]: [Hightorque] set RTS/DTR active ok
[ros2_control_node-2] [INFO] [1774777904.445418015] [RealMixedRobotBackend]: [Hightorque] modem lines before_query: RTS=1 DTR=1 CTS=1 DSR=0 CD=0 RI=0
[ros2_control_node-2] [INFO] [1774777904.445421525] [RealMixedRobotBackend]: [Hightorque] reset_input_buffer=called reset_output_buffer=skipped
[ros2_control_node-2] [INFO] [1774777904.445451956] [RealMixedRobotBackend]: [Hightorque] write flush/drain: tcdrain=called
[ros2_control_node-2] [INFO] [1774777904.450413092] [RealMixedRobotBackend]: [Yiyou] poll summary: poll_loops=17 last_fionread=0 window_expired_reason=window_no_data
[ros2_control_node-2] [INFO] [1774777904.450422982] [RealMixedRobotBackend]: [Yiyou] raw rx reg=position_0x07 raw_len=0 ascii='' hex=
[ros2_control_node-2] [WARN] [1774777904.450425632] [RealMixedRobotBackend]: [Yiyou] no reply reg=position_0x07
[ros2_control_node-2] [INFO] [1774777904.450435693] [RealMixedRobotBackend]: [Yiyou] raw tx reg=velocity_0x06 ascii='t00220306\r' hex=74 30 30 32 32 30 33 30 36 0D
[ros2_control_node-2] [INFO] [1774777904.450452863] [RealMixedRobotBackend]: [Yiyou] write flush/drain: tcdrain=called
[ros2_control_node-2] [INFO] [1774777904.528389216] [RealMixedRobotBackend]: [Hightorque] poll summary: poll_loops=17 last_fionread=0 window_expired_reason=window_no_data
[ros2_control_node-2] [INFO] [1774777904.528404336] [RealMixedRobotBackend]: [Hightorque] classify=no_data
[ros2_control_node-2] [INFO] [1774777904.528421347] [RealMixedRobotBackend]: [Hightorque] set RTS/DTR active ok
[ros2_control_node-2] [INFO] [1774777904.528423507] [RealMixedRobotBackend]: [Hightorque] modem lines before_query: RTS=1 DTR=1 CTS=1 DSR=0 CD=0 RI=0
[ros2_control_node-2] [INFO] [1774777904.528427117] [RealMixedRobotBackend]: [Hightorque] reset_input_buffer=called reset_output_buffer=skipped
[ros2_control_node-2] [INFO] [1774777904.528458038] [RealMixedRobotBackend]: [Hightorque] write flush/drain: tcdrain=called
[ros2_control_node-2] [INFO] [1774777904.533397533] [RealMixedRobotBackend]: [Yiyou] poll summary: poll_loops=17 last_fionread=0 window_expired_reason=window_no_data
[ros2_control_node-2] [INFO] [1774777904.533407603] [RealMixedRobotBackend]: [Yiyou] raw rx reg=velocity_0x06 raw_len=0 ascii='' hex=
[ros2_control_node-2] [WARN] [1774777904.533410073] [RealMixedRobotBackend]: [Yiyou] no reply reg=velocity_0x06
[ros2_control_node-2] [INFO] [1774777904.533419274] [RealMixedRobotBackend]: [Yiyou] raw tx reg=enable_0x10 ascii='t00220310\r' hex=74 30 30 32 32 30 33 31 30 0D
[ros2_control_node-2] [INFO] [1774777904.533436144] [RealMixedRobotBackend]: [Yiyou] write flush/drain: tcdrain=called
[ros2_control_node-2] [INFO] [1774777904.611420168] [RealMixedRobotBackend]: [Hightorque] poll summary: poll_loops=17 last_fionread=0 window_expired_reason=window_no_data
[ros2_control_node-2] [INFO] [1774777904.611435009] [RealMixedRobotBackend]: [Hightorque] classify=no_data
[ros2_control_node-2] [INFO] [1774777904.611450709] [RealMixedRobotBackend]: [Hightorque] set RTS/DTR active ok
[ros2_control_node-2] [INFO] [1774777904.611452859] [RealMixedRobotBackend]: [Hightorque] modem lines before_query: RTS=1 DTR=1 CTS=1 DSR=0 CD=0 RI=0
[ros2_control_node-2] [INFO] [1774777904.611456469] [RealMixedRobotBackend]: [Hightorque] reset_input_buffer=called reset_output_buffer=skipped
[ros2_control_node-2] [INFO] [1774777904.611483670] [RealMixedRobotBackend]: [Hightorque] write flush/drain: tcdrain=called
[ros2_control_node-2] [INFO] [1774777904.616335013] [RealMixedRobotBackend]: [Yiyou] poll summary: poll_loops=17 last_fionread=0 window_expired_reason=window_no_data
[ros2_control_node-2] [INFO] [1774777904.616339693] [RealMixedRobotBackend]: [Yiyou] raw rx reg=enable_0x10 raw_len=0 ascii='' hex=
[ros2_control_node-2] [WARN] [1774777904.616342443] [RealMixedRobotBackend]: [Yiyou] no reply reg=enable_0x10
[ros2_control_node-2] [INFO] [1774777904.616347093] [RealMixedRobotBackend]: [Yiyou] raw tx reg=alarm_0x15 ascii='t00220315\r' hex=74 30 30 32 32 30 33 31 35 0D
[ros2_control_node-2] [INFO] [1774777904.616357014] [RealMixedRobotBackend]: [Yiyou] write flush/drain: tcdrain=called
[ros2_control_node-2] [INFO] [1774777904.694389239] [RealMixedRobotBackend]: [Hightorque] poll summary: poll_loops=17 last_fionread=0 window_expired_reason=window_no_data
[ros2_control_node-2] [INFO] [1774777904.694401269] [RealMixedRobotBackend]: [Hightorque] classify=no_data
[ros2_control_node-2] [INFO] [1774777904.694414010] [RealMixedRobotBackend]: [Hightorque] set RTS/DTR active ok
[ros2_control_node-2] [INFO] [1774777904.694416090] [RealMixedRobotBackend]: [Hightorque] modem lines before_query: RTS=1 DTR=1 CTS=1 DSR=0 CD=0 RI=0
[ros2_control_node-2] [INFO] [1774777904.694418950] [RealMixedRobotBackend]: [Hightorque] reset_input_buffer=called reset_output_buffer=skipped
[ros2_control_node-2] [INFO] [1774777904.694444041] [RealMixedRobotBackend]: [Hightorque] write flush/drain: tcdrain=called
[ros2_control_node-2] [INFO] [1774777904.699287593] [RealMixedRobotBackend]: [Yiyou] poll summary: poll_loops=17 last_fionread=0 window_expired_reason=window_no_data
[ros2_control_node-2] [INFO] [1774777904.699295813] [RealMixedRobotBackend]: [Yiyou] raw rx reg=alarm_0x15 raw_len=0 ascii='' hex=
[ros2_control_node-2] [WARN] [1774777904.699298423] [RealMixedRobotBackend]: [Yiyou] no reply reg=alarm_0x15
[ros2_control_node-2] [INFO] [1774777904.719348294] [RealMixedRobotBackend]: [Yiyou] raw tx reg=position_0x07 ascii='t00220307\r' hex=74 30 30 32 32 30 33 30 37 0D
[ros2_control_node-2] [INFO] [1774777904.719363514] [RealMixedRobotBackend]: [Yiyou] write flush/drain: tcdrain=called
[ros2_control_node-2] [INFO] [1774777904.777389891] [RealMixedRobotBackend]: [Hightorque] poll summary: poll_loops=17 last_fionread=0 window_expired_reason=window_no_data
[ros2_control_node-2] [INFO] [1774777904.777406881] [RealMixedRobotBackend]: [Hightorque] classify=no_data
[ros2_control_node-2] [INFO] [1774777904.787479147] [RealMixedRobotBackend]: [Hightorque] set RTS/DTR active ok
[ros2_control_node-2] [INFO] [1774777904.787487168] [RealMixedRobotBackend]: [Hightorque] modem lines before_query: RTS=1 DTR=1 CTS=1 DSR=0 CD=0 RI=0
[ros2_control_node-2] [INFO] [1774777904.787491488] [RealMixedRobotBackend]: [Hightorque] reset_input_buffer=called reset_output_buffer=skipped
[ros2_control_node-2] [INFO] [1774777904.787519659] [RealMixedRobotBackend]: [Hightorque] write flush/drain: tcdrain=called
[ros2_control_node-2] [INFO] [1774777904.802291193] [RealMixedRobotBackend]: [Yiyou] poll summary: poll_loops=17 last_fionread=0 window_expired_reason=window_no_data
[ros2_control_node-2] [INFO] [1774777904.802301484] [RealMixedRobotBackend]: [Yiyou] raw rx reg=position_0x07 raw_len=0 ascii='' hex=
[ros2_control_node-2] [WARN] [1774777904.802304624] [RealMixedRobotBackend]: [Yiyou] no reply reg=position_0x07
[ros2_control_node-2] [INFO] [1774777904.802315664] [RealMixedRobotBackend]: [Yiyou] raw tx reg=velocity_0x06 ascii='t00220306\r' hex=74 30 30 32 32 30 33 30 36 0D
[ros2_control_node-2] [INFO] [1774777904.802337135] [RealMixedRobotBackend]: [Yiyou] write flush/drain: tcdrain=called
[ros2_control_node-2] [INFO] [1774777904.870398747] [RealMixedRobotBackend]: [Hightorque] poll summary: poll_loops=17 last_fionread=0 window_expired_reason=window_no_data
[ros2_control_node-2] [INFO] [1774777904.870408287] [RealMixedRobotBackend]: [Hightorque] classify=no_data
[ros2_control_node-2] [INFO] [1774777904.870420848] [RealMixedRobotBackend]: [Hightorque] set RTS/DTR active ok
[ros2_control_node-2] [INFO] [1774777904.870438608] [RealMixedRobotBackend]: [Hightorque] modem lines before_query: RTS=1 DTR=1 CTS=1 DSR=0 CD=0 RI=0
[ros2_control_node-2] [INFO] [1774777904.870441508] [RealMixedRobotBackend]: [Hightorque] reset_input_buffer=called reset_output_buffer=skipped
[ros2_control_node-2] [INFO] [1774777904.870466409] [RealMixedRobotBackend]: [Hightorque] write flush/drain: tcdrain=called
[ros2_control_node-2] [INFO] [1774777904.885281525] [RealMixedRobotBackend]: [Yiyou] poll summary: poll_loops=17 last_fionread=0 window_expired_reason=window_no_data
[ros2_control_node-2] [INFO] [1774777904.885290325] [RealMixedRobotBackend]: [Yiyou] raw rx reg=velocity_0x06 raw_len=0 ascii='' hex=
[ros2_control_node-2] [WARN] [1774777904.885293205] [RealMixedRobotBackend]: [Yiyou] no reply reg=velocity_0x06
[ros2_control_node-2] [INFO] [1774777904.885301675] [RealMixedRobotBackend]: [Yiyou] raw tx reg=enable_0x10 ascii='t00220310\r' hex=74 30 30 32 32 30 33 31 30 0D
[ros2_control_node-2] [INFO] [1774777904.885317656] [RealMixedRobotBackend]: [Yiyou] write flush/drain: tcdrain=called
[ros2_control_node-2] [INFO] [1774777904.953395668] [RealMixedRobotBackend]: [Hightorque] poll summary: poll_loops=17 last_fionread=0 window_expired_reason=window_no_data
[ros2_control_node-2] [INFO] [1774777904.953406589] [RealMixedRobotBackend]: [Hightorque] classify=no_data
[ros2_control_node-2] [INFO] [1774777904.953419779] [RealMixedRobotBackend]: [Hightorque] set RTS/DTR active ok
[ros2_control_node-2] [INFO] [1774777904.953421849] [RealMixedRobotBackend]: [Hightorque] modem lines before_query: RTS=1 DTR=1 CTS=1 DSR=0 CD=0 RI=0
[ros2_control_node-2] [INFO] [1774777904.953424459] [RealMixedRobotBackend]: [Hightorque] reset_input_buffer=called reset_output_buffer=skipped
[ros2_control_node-2] [INFO] [1774777904.953445060] [RealMixedRobotBackend]: [Hightorque] write flush/drain: tcdrain=called
[ros2_control_node-2] [INFO] [1774777904.968226175] [RealMixedRobotBackend]: [Yiyou] poll summary: poll_loops=17 last_fionread=0 window_expired_reason=window_no_data
[ros2_control_node-2] [INFO] [1774777904.968235625] [RealMixedRobotBackend]: [Yiyou] raw rx reg=enable_0x10 raw_len=0 ascii='' hex=
[ros2_control_node-2] [WARN] [1774777904.968238035] [RealMixedRobotBackend]: [Yiyou] no reply reg=enable_0x10
[ros2_control_node-2] [INFO] [1774777904.968246485] [RealMixedRobotBackend]: [Yiyou] raw tx reg=alarm_0x15 ascii='t00220315\r' hex=74 30 30 32 32 30 33 31 35 0D
[ros2_control_node-2] [INFO] [1774777904.968262706] [RealMixedRobotBackend]: [Yiyou] write flush/drain: tcdrain=called
[ros2_control_node-2] [INFO] [1774777905.036388329] [RealMixedRobotBackend]: [Hightorque] poll summary: poll_loops=17 last_fionread=0 window_expired_reason=window_no_data
[ros2_control_node-2] [INFO] [1774777905.036404440] [RealMixedRobotBackend]: [Hightorque] classify=no_data
[ros2_control_node-2] [INFO] [1774777905.036419020] [RealMixedRobotBackend]: [Hightorque] set RTS/DTR active ok
[ros2_control_node-2] [INFO] [1774777905.036420980] [RealMixedRobotBackend]: [Hightorque] modem lines before_query: RTS=1 DTR=1 CTS=1 DSR=0 CD=0 RI=0
[ros2_control_node-2] [INFO] [1774777905.036424320] [RealMixedRobotBackend]: [Hightorque] reset_input_buffer=called reset_output_buffer=skipped
[ros2_control_node-2] [INFO] [1774777905.036456551] [RealMixedRobotBackend]: [Hightorque] write flush/drain: tcdrain=called
[ros2_control_node-2] [INFO] [1774777905.051178104] [RealMixedRobotBackend]: [Yiyou] poll summary: poll_loops=17 last_fionread=0 window_expired_reason=window_no_data
[ros2_control_node-2] [INFO] [1774777905.051191914] [RealMixedRobotBackend]: [Yiyou] raw rx reg=alarm_0x15 raw_len=0 ascii='' hex=
[ros2_control_node-2] [WARN] [1774777905.051194785] [RealMixedRobotBackend]: [Yiyou] no reply reg=alarm_0x15
[ros2_control_node-2] [INFO] [1774777905.071281425] [RealMixedRobotBackend]: [Yiyou] raw tx reg=position_0x07 ascii='t00220307\r' hex=74 30 30 32 32 30 33 30 37 0D
[ros2_control_node-2] [INFO] [1774777905.071310446] [RealMixedRobotBackend]: [Yiyou] write flush/drain: tcdrain=called
[ros2_control_node-2] [INFO] [1774777905.119388710] [RealMixedRobotBackend]: [Hightorque] poll summary: poll_loops=17 last_fionread=0 window_expired_reason=window_no_data
[ros2_control_node-2] [INFO] [1774777905.119403280] [RealMixedRobotBackend]: [Hightorque] classify=no_data
[ros2_control_node-2] [INFO] [1774777905.119418281] [RealMixedRobotBackend]: [Hightorque] set RTS/DTR active ok
[ros2_control_node-2] [INFO] [1774777905.119420671] [RealMixedRobotBackend]: [Hightorque] modem lines before_query: RTS=1 DTR=1 CTS=1 DSR=0 CD=0 RI=0
[ros2_control_node-2] [INFO] [1774777905.119424251] [RealMixedRobotBackend]: [Hightorque] reset_input_buffer=called reset_output_buffer=skipped
[ros2_control_node-2] [INFO] [1774777905.119474952] [RealMixedRobotBackend]: [Hightorque] write flush/drain: tcdrain=called
[ros2_control_node-2] [INFO] [1774777905.154253585] [RealMixedRobotBackend]: [Yiyou] poll summary: poll_loops=17 last_fionread=0 window_expired_reason=window_no_data
[ros2_control_node-2] [INFO] [1774777905.154269785] [RealMixedRobotBackend]: [Yiyou] raw rx reg=position_0x07 raw_len=0 ascii='' hex=
[ros2_control_node-2] [WARN] [1774777905.154273056] [RealMixedRobotBackend]: [Yiyou] no reply reg=position_0x07
[ros2_control_node-2] [INFO] [1774777905.154289626] [RealMixedRobotBackend]: [Yiyou] raw tx reg=velocity_0x06 ascii='t00220306\r' hex=74 30 30 32 32 30 33 30 36 0D
[ros2_control_node-2] [INFO] [1774777905.154310857] [RealMixedRobotBackend]: [Yiyou] write flush/drain: tcdrain=called
[ros2_control_node-2] [INFO] [1774777905.202440672] [RealMixedRobotBackend]: [Hightorque] poll summary: poll_loops=17 last_fionread=0 window_expired_reason=window_no_data
[ros2_control_node-2] [INFO] [1774777905.202457613] [RealMixedRobotBackend]: [Hightorque] classify=no_data
[ros2_control_node-2] [INFO] [1774777905.212533979] [RealMixedRobotBackend]: [Hightorque] set RTS/DTR active ok
[ros2_control_node-2] [INFO] [1774777905.212543209] [RealMixedRobotBackend]: [Hightorque] modem lines before_query: RTS=1 DTR=1 CTS=1 DSR=0 CD=0 RI=0
[ros2_control_node-2] [INFO] [1774777905.212547209] [RealMixedRobotBackend]: [Hightorque] reset_input_buffer=called reset_output_buffer=skipped
[ros2_control_node-2] [INFO] [1774777905.212580250] [RealMixedRobotBackend]: [Hightorque] write flush/drain: tcdrain=called
[ros2_control_node-2] [INFO] [1774777905.237228935] [RealMixedRobotBackend]: [Yiyou] poll summary: poll_loops=17 last_fionread=0 window_expired_reason=window_no_data
[ros2_control_node-2] [INFO] [1774777905.237243726] [RealMixedRobotBackend]: [Yiyou] raw rx reg=velocity_0x06 raw_len=0 ascii='' hex=
[ros2_control_node-2] [WARN] [1774777905.237246446] [RealMixedRobotBackend]: [Yiyou] no reply reg=velocity_0x06
[ros2_control_node-2] [INFO] [1774777905.237260896] [RealMixedRobotBackend]: [Yiyou] raw tx reg=enable_0x10 ascii='t00220310\r' hex=74 30 30 32 32 30 33 31 30 0D
[ros2_control_node-2] [INFO] [1774777905.237281027] [RealMixedRobotBackend]: [Yiyou] write flush/drain: tcdrain=called
[ros2_control_node-2] [INFO] [1774777905.295547200] [RealMixedRobotBackend]: [Hightorque] poll summary: poll_loops=17 last_fionread=0 window_expired_reason=window_no_data
[ros2_control_node-2] [INFO] [1774777905.295562760] [RealMixedRobotBackend]: [Hightorque] classify=no_data
[ros2_control_node-2] [INFO] [1774777905.295577361] [RealMixedRobotBackend]: [Hightorque] set RTS/DTR active ok
[ros2_control_node-2] [INFO] [1774777905.295579311] [RealMixedRobotBackend]: [Hightorque] modem lines before_query: RTS=1 DTR=1 CTS=1 DSR=0 CD=0 RI=0
[ros2_control_node-2] [INFO] [1774777905.295582651] [RealMixedRobotBackend]: [Hightorque] reset_input_buffer=called reset_output_buffer=skipped
[ros2_control_node-2] [INFO] [1774777905.295613682] [RealMixedRobotBackend]: [Hightorque] write flush/drain: tcdrain=called
[ros2_control_node-2] [INFO] [1774777905.320180944] [RealMixedRobotBackend]: [Yiyou] poll summary: poll_loops=17 last_fionread=0 window_expired_reason=window_no_data
[ros2_control_node-2] [INFO] [1774777905.320195265] [RealMixedRobotBackend]: [Yiyou] raw rx reg=enable_0x10 raw_len=0 ascii='' hex=
[ros2_control_node-2] [WARN] [1774777905.320197785] [RealMixedRobotBackend]: [Yiyou] no reply reg=enable_0x10
[ros2_control_node-2] [INFO] [1774777905.320211375] [RealMixedRobotBackend]: [Yiyou] raw tx reg=alarm_0x15 ascii='t00220315\r' hex=74 30 30 32 32 30 33 31 35 0D
[ros2_control_node-2] [INFO] [1774777905.320230106] [RealMixedRobotBackend]: [Yiyou] write flush/drain: tcdrain=called
[ros2_control_node-2] [INFO] [1774777905.378547711] [RealMixedRobotBackend]: [Hightorque] poll summary: poll_loops=17 last_fionread=0 window_expired_reason=window_no_data
[ros2_control_node-2] [INFO] [1774777905.378563571] [RealMixedRobotBackend]: [Hightorque] classify=no_data
[ros2_control_node-2] [INFO] [1774777905.378580131] [RealMixedRobotBackend]: [Hightorque] set RTS/DTR active ok
[ros2_control_node-2] [INFO] [1774777905.378582292] [RealMixedRobotBackend]: [Hightorque] modem lines before_query: RTS=1 DTR=1 CTS=1 DSR=0 CD=0 RI=0
[ros2_control_node-2] [INFO] [1774777905.378586052] [RealMixedRobotBackend]: [Hightorque] reset_input_buffer=called reset_output_buffer=skipped
[ros2_control_node-2] [INFO] [1774777905.378617943] [RealMixedRobotBackend]: [Hightorque] write flush/drain: tcdrain=called
[ros2_control_node-2] [INFO] [1774777905.403186775] [RealMixedRobotBackend]: [Yiyou] poll summary: poll_loops=17 last_fionread=0 window_expired_reason=window_no_data
[ros2_control_node-2] [INFO] [1774777905.403205236] [RealMixedRobotBackend]: [Yiyou] raw rx reg=alarm_0x15 raw_len=0 ascii='' hex=
[ros2_control_node-2] [WARN] [1774777905.403231407] [RealMixedRobotBackend]: [Yiyou] no reply reg=alarm_0x15
[ros2_control_node-2] [INFO] [1774777905.423321047] [RealMixedRobotBackend]: [Yiyou] raw tx reg=position_0x07 ascii='t00220307\r' hex=74 30 30 32 32 30 33 30 37 0D
[ros2_control_node-2] [INFO] [1774777905.423349678] [RealMixedRobotBackend]: [Yiyou] write flush/drain: tcdrain=called
[ros2_control_node-2] [INFO] [1774777905.461494130] [RealMixedRobotBackend]: [Hightorque] poll summary: poll_loops=17 last_fionread=0 window_expired_reason=window_no_data
[ros2_control_node-2] [INFO] [1774777905.461513160] [RealMixedRobotBackend]: [Hightorque] classify=no_data
[ros2_control_node-2] [INFO] [1774777905.461532421] [RealMixedRobotBackend]: [Hightorque] set RTS/DTR active ok
[ros2_control_node-2] [INFO] [1774777905.461534911] [RealMixedRobotBackend]: [Hightorque] modem lines before_query: RTS=1 DTR=1 CTS=1 DSR=0 CD=0 RI=0
[ros2_control_node-2] [INFO] [1774777905.461538771] [RealMixedRobotBackend]: [Hightorque] reset_input_buffer=called reset_output_buffer=skipped
[ros2_control_node-2] [INFO] [1774777905.461574282] [RealMixedRobotBackend]: [Hightorque] write flush/drain: tcdrain=called
[ros2_control_node-2] [INFO] [1774777905.506308458] [RealMixedRobotBackend]: [Yiyou] poll summary: poll_loops=17 last_fionread=0 window_expired_reason=window_no_data
[ros2_control_node-2] [INFO] [1774777905.506327758] [RealMixedRobotBackend]: [Yiyou] raw rx reg=position_0x07 raw_len=0 ascii='' hex=
[ros2_control_node-2] [WARN] [1774777905.506330388] [RealMixedRobotBackend]: [Yiyou] no reply reg=position_0x07
[ros2_control_node-2] [INFO] [1774777905.506350919] [RealMixedRobotBackend]: [Yiyou] raw tx reg=velocity_0x06 ascii='t00220306\r' hex=74 30 30 32 32 30 33 30 36 0D
[ros2_control_node-2] [INFO] [1774777905.506366749] [RealMixedRobotBackend]: [Yiyou] write flush/drain: tcdrain=called
[ros2_control_node-2] [INFO] [1774777905.544545682] [RealMixedRobotBackend]: [Hightorque] poll summary: poll_loops=17 last_fionread=0 window_expired_reason=window_no_data
[ros2_control_node-2] [INFO] [1774777905.544565322] [RealMixedRobotBackend]: [Hightorque] classify=no_data
[ros2_control_node-2] [INFO] [1774777905.544587223] [RealMixedRobotBackend]: [Hightorque] set RTS/DTR active ok
[ros2_control_node-2] [INFO] [1774777905.544589963] [RealMixedRobotBackend]: [Hightorque] modem lines before_query: RTS=1 DTR=1 CTS=1 DSR=0 CD=0 RI=0
[ros2_control_node-2] [INFO] [1774777905.544593973] [RealMixedRobotBackend]: [Hightorque] reset_input_buffer=called reset_output_buffer=skipped
[ros2_control_node-2] [INFO] [1774777905.544631294] [RealMixedRobotBackend]: [Hightorque] write flush/drain: tcdrain=called
[ros2_control_node-2] [INFO] [1774777905.589293358] [RealMixedRobotBackend]: [Yiyou] poll summary: poll_loops=17 last_fionread=0 window_expired_reason=window_no_data
[ros2_control_node-2] [INFO] [1774777905.589317638] [RealMixedRobotBackend]: [Yiyou] raw rx reg=velocity_0x06 raw_len=0 ascii='' hex=
[ros2_control_node-2] [WARN] [1774777905.589320638] [RealMixedRobotBackend]: [Yiyou] no reply reg=velocity_0x06
[ros2_control_node-2] [INFO] [1774777905.589347069] [RealMixedRobotBackend]: [Yiyou] raw tx reg=enable_0x10 ascii='t00220310\r' hex=74 30 30 32 32 30 33 31 30 0D
[ros2_control_node-2] [INFO] [1774777905.589371390] [RealMixedRobotBackend]: [Yiyou] write flush/drain: tcdrain=called
[ros2_control_node-2] [INFO] [1774777905.627612365] [RealMixedRobotBackend]: [Hightorque] poll summary: poll_loops=17 last_fionread=0 window_expired_reason=window_no_data
[ros2_control_node-2] [INFO] [1774777905.627632515] [RealMixedRobotBackend]: [Hightorque] classify=no_data
[ros2_control_node-2] [INFO] [1774777905.637708831] [RealMixedRobotBackend]: [Hightorque] set RTS/DTR active ok
[ros2_control_node-2] [INFO] [1774777905.637719732] [RealMixedRobotBackend]: [Hightorque] modem lines before_query: RTS=1 DTR=1 CTS=1 DSR=0 CD=0 RI=0
[ros2_control_node-2] [INFO] [1774777905.637724472] [RealMixedRobotBackend]: [Hightorque] reset_input_buffer=called reset_output_buffer=skipped
[ros2_control_node-2] [INFO] [1774777905.637762513] [RealMixedRobotBackend]: [Hightorque] write flush/drain: tcdrain=called
[ros2_control_node-2] [INFO] [1774777905.672310509] [RealMixedRobotBackend]: [Yiyou] poll summary: poll_loops=17 last_fionread=0 window_expired_reason=window_no_data
[ros2_control_node-2] [INFO] [1774777905.672324449] [RealMixedRobotBackend]: [Yiyou] raw rx reg=enable_0x10 raw_len=0 ascii='' hex=
[ros2_control_node-2] [WARN] [1774777905.672327069] [RealMixedRobotBackend]: [Yiyou] no reply reg=enable_0x10
[ros2_control_node-2] [INFO] [1774777905.672347200] [RealMixedRobotBackend]: [Yiyou] raw tx reg=alarm_0x15 ascii='t00220315\r' hex=74 30 30 32 32 30 33 31 35 0D
[ros2_control_node-2] [INFO] [1774777905.672363651] [RealMixedRobotBackend]: [Yiyou] write flush/drain: tcdrain=called
[ros2_control_node-2] [INFO] [1774777905.720685901] [RealMixedRobotBackend]: [Hightorque] poll summary: poll_loops=17 last_fionread=0 window_expired_reason=window_no_data
[ros2_control_node-2] [INFO] [1774777905.720700342] [RealMixedRobotBackend]: [Hightorque] classify=no_data
[ros2_control_node-2] [INFO] [1774777905.720716822] [RealMixedRobotBackend]: [Hightorque] set RTS/DTR active ok
[ros2_control_node-2] [INFO] [1774777905.720718742] [RealMixedRobotBackend]: [Hightorque] modem lines before_query: RTS=1 DTR=1 CTS=1 DSR=0 CD=0 RI=0
[ros2_control_node-2] [INFO] [1774777905.720722212] [RealMixedRobotBackend]: [Hightorque] reset_input_buffer=called reset_output_buffer=skipped
[ros2_control_node-2] [INFO] [1774777905.720753003] [RealMixedRobotBackend]: [Hightorque] write flush/drain: tcdrain=called
[ros2_control_node-2] [INFO] [1774777905.755328630] [RealMixedRobotBackend]: [Yiyou] poll summary: poll_loops=17 last_fionread=0 window_expired_reason=window_no_data
[ros2_control_node-2] [INFO] [1774777905.755355761] [RealMixedRobotBackend]: [Yiyou] raw rx reg=alarm_0x15 raw_len=0 ascii='' hex=
[ros2_control_node-2] [WARN] [1774777905.755358231] [RealMixedRobotBackend]: [Yiyou] no reply reg=alarm_0x15
[ros2_control_node-2] [INFO] [1774777905.775451992] [RealMixedRobotBackend]: [Yiyou] raw tx reg=position_0x07 ascii='t00220307\r' hex=74 30 30 32 32 30 33 30 37 0D
[ros2_control_node-2] [INFO] [1774777905.775489893] [RealMixedRobotBackend]: [Yiyou] write flush/drain: tcdrain=called
[ros2_control_node-2] [INFO] [1774777905.803713953] [RealMixedRobotBackend]: [Hightorque] poll summary: poll_loops=17 last_fionread=0 window_expired_reason=window_no_data
[ros2_control_node-2] [INFO] [1774777905.803728713] [RealMixedRobotBackend]: [Hightorque] classify=no_data
[ros2_control_node-2] [INFO] [1774777905.803745224] [RealMixedRobotBackend]: [Hightorque] set RTS/DTR active ok
[ros2_control_node-2] [INFO] [1774777905.803747624] [RealMixedRobotBackend]: [Hightorque] modem lines before_query: RTS=1 DTR=1 CTS=1 DSR=0 CD=0 RI=0
[ros2_control_node-2] [INFO] [1774777905.803751054] [RealMixedRobotBackend]: [Hightorque] reset_input_buffer=called reset_output_buffer=skipped
[ros2_control_node-2] [INFO] [1774777905.803782355] [RealMixedRobotBackend]: [Hightorque] write flush/drain: tcdrain=called
[ros2_control_node-2] [INFO] [1774777905.858346569] [RealMixedRobotBackend]: [Yiyou] poll summary: poll_loops=17 last_fionread=0 window_expired_reason=window_no_data
[ros2_control_node-2] [INFO] [1774777905.858362720] [RealMixedRobotBackend]: [Yiyou] raw rx reg=position_0x07 raw_len=0 ascii='' hex=
[ros2_control_node-2] [WARN] [1774777905.858365060] [RealMixedRobotBackend]: [Yiyou] no reply reg=position_0x07
[ros2_control_node-2] [INFO] [1774777905.858380230] [RealMixedRobotBackend]: [Yiyou] raw tx reg=velocity_0x06 ascii='t00220306\r' hex=74 30 30 32 32 30 33 30 36 0D
[ros2_control_node-2] [INFO] [1774777905.858401201] [RealMixedRobotBackend]: [Yiyou] write flush/drain: tcdrain=called
[ros2_control_node-2] [INFO] [1774777905.886729564] [RealMixedRobotBackend]: [Hightorque] poll summary: poll_loops=17 last_fionread=0 window_expired_reason=window_no_data
[ros2_control_node-2] [INFO] [1774777905.886743894] [RealMixedRobotBackend]: [Hightorque] classify=no_data
[ros2_control_node-2] [INFO] [1774777905.886761155] [RealMixedRobotBackend]: [Hightorque] set RTS/DTR active ok
[ros2_control_node-2] [INFO] [1774777905.886763165] [RealMixedRobotBackend]: [Hightorque] modem lines before_query: RTS=1 DTR=1 CTS=1 DSR=0 CD=0 RI=0
[ros2_control_node-2] [INFO] [1774777905.886766855] [RealMixedRobotBackend]: [Hightorque] reset_input_buffer=called reset_output_buffer=skipped
[ros2_control_node-2] [INFO] [1774777905.886798056] [RealMixedRobotBackend]: [Hightorque] write flush/drain: tcdrain=called
[ros2_control_node-2] [INFO] [1774777905.941339639] [RealMixedRobotBackend]: [Yiyou] poll summary: poll_loops=17 last_fionread=0 window_expired_reason=window_no_data
[ros2_control_node-2] [INFO] [1774777905.941363870] [RealMixedRobotBackend]: [Yiyou] raw rx reg=velocity_0x06 raw_len=0 ascii='' hex=
[ros2_control_node-2] [WARN] [1774777905.941366910] [RealMixedRobotBackend]: [Yiyou] no reply reg=velocity_0x06
[ros2_control_node-2] [INFO] [1774777905.941388811] [RealMixedRobotBackend]: [Yiyou] raw tx reg=enable_0x10 ascii='t00220310\r' hex=74 30 30 32 32 30 33 31 30 0D
[ros2_control_node-2] [INFO] [1774777905.941412512] [RealMixedRobotBackend]: [Yiyou] write flush/drain: tcdrain=called
[ros2_control_node-2] [INFO] [1774777905.969755425] [RealMixedRobotBackend]: [Hightorque] poll summary: poll_loops=17 last_fionread=0 window_expired_reason=window_no_data
[ros2_control_node-2] [INFO] [1774777905.969771946] [RealMixedRobotBackend]: [Hightorque] classify=no_data
[ros2_control_node-2] [INFO] [1774777905.969790386] [RealMixedRobotBackend]: [Hightorque] set RTS/DTR active ok
[ros2_control_node-2] [INFO] [1774777905.969814677] [RealMixedRobotBackend]: [Hightorque] modem lines before_query: RTS=1 DTR=1 CTS=1 DSR=0 CD=0 RI=0
[ros2_control_node-2] [INFO] [1774777905.969818447] [RealMixedRobotBackend]: [Hightorque] reset_input_buffer=called reset_output_buffer=skipped
[ros2_control_node-2] [INFO] [1774777905.969851028] [RealMixedRobotBackend]: [Hightorque] write flush/drain: tcdrain=called
[ros2_control_node-2] [INFO] [1774777906.024336780] [RealMixedRobotBackend]: [Yiyou] poll summary: poll_loops=17 last_fionread=0 window_expired_reason=window_no_data
[ros2_control_node-2] [INFO] [1774777906.024353070] [RealMixedRobotBackend]: [Yiyou] raw rx reg=enable_0x10 raw_len=0 ascii='' hex=
[ros2_control_node-2] [WARN] [1774777906.024356080] [RealMixedRobotBackend]: [Yiyou] no reply reg=enable_0x10
[ros2_control_node-2] [INFO] [1774777906.024371971] [RealMixedRobotBackend]: [Yiyou] raw tx reg=alarm_0x15 ascii='t00220315\r' hex=74 30 30 32 32 30 33 31 35 0D
[ros2_control_node-2] [INFO] [1774777906.024391141] [RealMixedRobotBackend]: [Yiyou] write flush/drain: tcdrain=called
[ros2_control_node-2] [INFO] [1774777906.052811047] [RealMixedRobotBackend]: [Hightorque] poll summary: poll_loops=17 last_fionread=0 window_expired_reason=window_no_data
[ros2_control_node-2] [INFO] [1774777906.052826167] [RealMixedRobotBackend]: [Hightorque] classify=no_data
[ros2_control_node-2] [INFO] [1774777906.062856032] [RealMixedRobotBackend]: [Hightorque] set RTS/DTR active ok
[ros2_control_node-2] [INFO] [1774777906.062868183] [RealMixedRobotBackend]: [Hightorque] modem lines before_query: RTS=1 DTR=1 CTS=1 DSR=0 CD=0 RI=0
[ros2_control_node-2] [INFO] [1774777906.062873263] [RealMixedRobotBackend]: [Hightorque] reset_input_buffer=called reset_output_buffer=skipped
[ros2_control_node-2] [INFO] [1774777906.062912064] [RealMixedRobotBackend]: [Hightorque] write flush/drain: tcdrain=called
[ros2_control_node-2] [INFO] [1774777906.107337910] [RealMixedRobotBackend]: [Yiyou] poll summary: poll_loops=17 last_fionread=0 window_expired_reason=window_no_data
[ros2_control_node-2] [INFO] [1774777906.107359990] [RealMixedRobotBackend]: [Yiyou] raw rx reg=alarm_0x15 raw_len=0 ascii='' hex=
[ros2_control_node-2] [WARN] [1774777906.107363021] [RealMixedRobotBackend]: [Yiyou] no reply reg=alarm_0x15
[ros2_control_node-2] [INFO] [1774777906.127453741] [RealMixedRobotBackend]: [Yiyou] raw tx reg=position_0x07 ascii='t00220307\r' hex=74 30 30 32 32 30 33 30 37 0D
[ros2_control_node-2] [INFO] [1774777906.127485792] [RealMixedRobotBackend]: [Yiyou] write flush/drain: tcdrain=called
[ros2_control_node-2] [INFO] [1774777906.145865362] [RealMixedRobotBackend]: [Hightorque] poll summary: poll_loops=17 last_fionread=0 window_expired_reason=window_no_data
[ros2_control_node-2] [INFO] [1774777906.145880872] [RealMixedRobotBackend]: [Hightorque] classify=no_data
[ros2_control_node-2] [INFO] [1774777906.145896333] [RealMixedRobotBackend]: [Hightorque] set RTS/DTR active ok
[ros2_control_node-2] [INFO] [1774777906.145898633] [RealMixedRobotBackend]: [Hightorque] modem lines before_query: RTS=1 DTR=1 CTS=1 DSR=0 CD=0 RI=0
[ros2_control_node-2] [INFO] [1774777906.145901973] [RealMixedRobotBackend]: [Hightorque] reset_input_buffer=called reset_output_buffer=skipped
[ros2_control_node-2] [INFO] [1774777906.145930264] [RealMixedRobotBackend]: [Hightorque] write flush/drain: tcdrain=called
[ros2_control_node-2] [INFO] [1774777906.150468437] [RealMixedRobotBackend]: read_all_joint_states: cycle=1200 completed for 6 joints (cache snapshot only; no serial IO in read path)
[ros2_control_node-2] [INFO] [1774777906.150479808] [RobotArmHardwareSystem]: read: cycle=1200 updated joint state buffer for 6 joints
[ros2_control_node-2] [INFO] [1774777906.196038927] [RealMixedRobotBackend]: hightorque_tx_loop: cycle=600 jobs=0 total_us=0
[ros2_control_node-2] [INFO] [1774777906.210444360] [RealMixedRobotBackend]: [Yiyou] poll summary: poll_loops=17 last_fionread=0 window_expired_reason=window_no_data
[ros2_control_node-2] [INFO] [1774777906.210457161] [RealMixedRobotBackend]: [Yiyou] raw rx reg=position_0x07 raw_len=0 ascii='' hex=
[ros2_control_node-2] [WARN] [1774777906.210460391] [RealMixedRobotBackend]: [Yiyou] no reply reg=position_0x07
[ros2_control_node-2] [INFO] [1774777906.210479461] [RealMixedRobotBackend]: [Yiyou] raw tx reg=velocity_0x06 ascii='t00220306\r' hex=74 30 30 32 32 30 33 30 36 0D
[ros2_control_node-2] [INFO] [1774777906.210497772] [RealMixedRobotBackend]: [Yiyou] write flush/drain: tcdrain=called
[ros2_control_node-2] [INFO] [1774777906.228911583] [RealMixedRobotBackend]: [Hightorque] poll summary: poll_loops=17 last_fionread=0 window_expired_reason=window_no_data
[ros2_control_node-2] [INFO] [1774777906.228924153] [RealMixedRobotBackend]: [Hightorque] classify=no_data
[ros2_control_node-2] [INFO] [1774777906.228964475] [RealMixedRobotBackend]: [Hightorque] set RTS/DTR active ok
[ros2_control_node-2] [INFO] [1774777906.228966545] [RealMixedRobotBackend]: [Hightorque] modem lines before_query: RTS=1 DTR=1 CTS=1 DSR=0 CD=0 RI=0
[ros2_control_node-2] [INFO] [1774777906.228970145] [RealMixedRobotBackend]: [Hightorque] reset_input_buffer=called reset_output_buffer=skipped
[ros2_control_node-2] [INFO] [1774777906.229001806] [RealMixedRobotBackend]: [Hightorque] write flush/drain: tcdrain=called
[ros2_control_node-2] [INFO] [1774777906.293439960] [RealMixedRobotBackend]: [Yiyou] poll summary: poll_loops=17 last_fionread=0 window_expired_reason=window_no_data
[ros2_control_node-2] [INFO] [1774777906.293461980] [RealMixedRobotBackend]: [Yiyou] raw rx reg=velocity_0x06 raw_len=0 ascii='' hex=
[ros2_control_node-2] [WARN] [1774777906.293464810] [RealMixedRobotBackend]: [Yiyou] no reply reg=velocity_0x06
[ros2_control_node-2] [INFO] [1774777906.293484921] [RealMixedRobotBackend]: [Yiyou] raw tx reg=enable_0x10 ascii='t00220310\r' hex=74 30 30 32 32 30 33 31 30 0D
[ros2_control_node-2] [INFO] [1774777906.293505362] [RealMixedRobotBackend]: [Yiyou] write flush/drain: tcdrain=called
[ros2_control_node-2] [INFO] [1774777906.311923523] [RealMixedRobotBackend]: [Hightorque] poll summary: poll_loops=17 last_fionread=0 window_expired_reason=window_no_data
[ros2_control_node-2] [INFO] [1774777906.311936864] [RealMixedRobotBackend]: [Hightorque] classify=no_data
[ros2_control_node-2] [INFO] [1774777906.311952564] [RealMixedRobotBackend]: [Hightorque] set RTS/DTR active ok
[ros2_control_node-2] [INFO] [1774777906.311954724] [RealMixedRobotBackend]: [Hightorque] modem lines before_query: RTS=1 DTR=1 CTS=1 DSR=0 CD=0 RI=0
[ros2_control_node-2] [INFO] [1774777906.311958314] [RealMixedRobotBackend]: [Hightorque] reset_input_buffer=called reset_output_buffer=skipped
[ros2_control_node-2] [INFO] [1774777906.311988255] [RealMixedRobotBackend]: [Hightorque] write flush/drain: tcdrain=called
[ros2_control_node-2] [INFO] [1774777906.376398718] [RealMixedRobotBackend]: [Yiyou] poll summary: poll_loops=17 last_fionread=0 window_expired_reason=window_no_data
[ros2_control_node-2] [INFO] [1774777906.376416249] [RealMixedRobotBackend]: [Yiyou] raw rx reg=enable_0x10 raw_len=0 ascii='' hex=
[ros2_control_node-2] [WARN] [1774777906.376419179] [RealMixedRobotBackend]: [Yiyou] no reply reg=enable_0x10
[ros2_control_node-2] [INFO] [1774777906.376435570] [RealMixedRobotBackend]: [Yiyou] raw tx reg=alarm_0x15 ascii='t00220315\r' hex=74 30 30 32 32 30 33 31 35 0D
[ros2_control_node-2] [INFO] [1774777906.376454930] [RealMixedRobotBackend]: [Yiyou] write flush/drain: tcdrain=called
[ros2_control_node-2] [INFO] [1774777906.394892382] [RealMixedRobotBackend]: [Hightorque] poll summary: poll_loops=17 last_fionread=0 window_expired_reason=window_no_data
[ros2_control_node-2] [INFO] [1774777906.394909862] [RealMixedRobotBackend]: [Hightorque] classify=no_data
[ros2_control_node-2] [INFO] [1774777906.394931553] [RealMixedRobotBackend]: [Hightorque] set RTS/DTR active ok
[ros2_control_node-2] [INFO] [1774777906.394933603] [RealMixedRobotBackend]: [Hightorque] modem lines before_query: RTS=1 DTR=1 CTS=1 DSR=0 CD=0 RI=0
[ros2_control_node-2] [INFO] [1774777906.394937543] [RealMixedRobotBackend]: [Hightorque] reset_input_buffer=called reset_output_buffer=skipped
[ros2_control_node-2] [INFO] [1774777906.394975404] [RealMixedRobotBackend]: [Hightorque] write flush/drain: tcdrain=called
[ros2_control_node-2] [INFO] [1774777906.459395858] [RealMixedRobotBackend]: [Yiyou] poll summary: poll_loops=17 last_fionread=0 window_expired_reason=window_no_data
[ros2_control_node-2] [INFO] [1774777906.459420159] [RealMixedRobotBackend]: [Yiyou] raw rx reg=alarm_0x15 raw_len=0 ascii='' hex=
[ros2_control_node-2] [WARN] [1774777906.459424049] [RealMixedRobotBackend]: [Yiyou] no reply reg=alarm_0x15
[ros2_control_node-2] [INFO] [1774777906.477923232] [RealMixedRobotBackend]: [Hightorque] poll summary: poll_loops=17 last_fionread=0 window_expired_reason=window_no_data
[ros2_control_node-2] [INFO] [1774777906.477938853] [RealMixedRobotBackend]: [Hightorque] classify=no_data
[ros2_control_node-2] [INFO] [1774777906.479522100] [RealMixedRobotBackend]: [Yiyou] raw tx reg=position_0x07 ascii='t00220307\r' hex=74 30 30 32 32 30 33 30 37 0D
[ros2_control_node-2] [INFO] [1774777906.479551570] [RealMixedRobotBackend]: [Yiyou] write flush/drain: tcdrain=called
[ros2_control_node-2] [INFO] [1774777906.488012569] [RealMixedRobotBackend]: [Hightorque] set RTS/DTR active ok
[ros2_control_node-2] [INFO] [1774777906.488020409] [RealMixedRobotBackend]: [Hightorque] modem lines before_query: RTS=1 DTR=1 CTS=1 DSR=0 CD=0 RI=0
[ros2_control_node-2] [INFO] [1774777906.488025029] [RealMixedRobotBackend]: [Hightorque] reset_input_buffer=called reset_output_buffer=skipped
[ros2_control_node-2] [INFO] [1774777906.488072231] [RealMixedRobotBackend]: [Hightorque] write flush/drain: tcdrain=called
[ros2_control_node-2] [INFO] [1774777906.562495158] [RealMixedRobotBackend]: [Yiyou] poll summary: poll_loops=17 last_fionread=0 window_expired_reason=window_no_data
[ros2_control_node-2] [INFO] [1774777906.562516319] [RealMixedRobotBackend]: [Yiyou] raw rx reg=position_0x07 raw_len=0 ascii='' hex=
[ros2_control_node-2] [WARN] [1774777906.562519189] [RealMixedRobotBackend]: [Yiyou] no reply reg=position_0x07
[ros2_control_node-2] [INFO] [1774777906.562538429] [RealMixedRobotBackend]: [Yiyou] raw tx reg=velocity_0x06 ascii='t00220306\r' hex=74 30 30 32 32 30 33 30 36 0D
[ros2_control_node-2] [INFO] [1774777906.562550160] [RealMixedRobotBackend]: [Yiyou] write flush/drain: tcdrain=called
[ros2_control_node-2] [INFO] [1774777906.570993058] [RealMixedRobotBackend]: [Hightorque] poll summary: poll_loops=17 last_fionread=0 window_expired_reason=window_no_data
[ros2_control_node-2] [INFO] [1774777906.571008629] [RealMixedRobotBackend]: [Hightorque] classify=no_data
[ros2_control_node-2] [INFO] [1774777906.571027029] [RealMixedRobotBackend]: [Hightorque] set RTS/DTR active ok
[ros2_control_node-2] [INFO] [1774777906.571029059] [RealMixedRobotBackend]: [Hightorque] modem lines before_query: RTS=1 DTR=1 CTS=1 DSR=0 CD=0 RI=0
[ros2_control_node-2] [INFO] [1774777906.571032439] [RealMixedRobotBackend]: [Hightorque] reset_input_buffer=called reset_output_buffer=skipped
[ros2_control_node-2] [INFO] [1774777906.571061760] [RealMixedRobotBackend]: [Hightorque] write flush/drain: tcdrain=called
[ros2_control_node-2] [INFO] [1774777906.645389245] [RealMixedRobotBackend]: [Yiyou] poll summary: poll_loops=17 last_fionread=0 window_expired_reason=window_no_data
[ros2_control_node-2] [INFO] [1774777906.645410976] [RealMixedRobotBackend]: [Yiyou] raw rx reg=velocity_0x06 raw_len=0 ascii='' hex=
[ros2_control_node-2] [WARN] [1774777906.645414336] [RealMixedRobotBackend]: [Yiyou] no reply reg=velocity_0x06
[ros2_control_node-2] [INFO] [1774777906.645435076] [RealMixedRobotBackend]: [Yiyou] raw tx reg=enable_0x10 ascii='t00220310\r' hex=74 30 30 32 32 30 33 31 30 0D
[ros2_control_node-2] [INFO] [1774777906.645450927] [RealMixedRobotBackend]: [Yiyou] write flush/drain: tcdrain=called
[ros2_control_node-2] [INFO] [1774777906.654094171] [RealMixedRobotBackend]: [Hightorque] poll summary: poll_loops=17 last_fionread=0 window_expired_reason=window_no_data
[ros2_control_node-2] [INFO] [1774777906.654108561] [RealMixedRobotBackend]: [Hightorque] classify=no_data
[ros2_control_node-2] [INFO] [1774777906.654127642] [RealMixedRobotBackend]: [Hightorque] set RTS/DTR active ok
[ros2_control_node-2] [INFO] [1774777906.654129692] [RealMixedRobotBackend]: [Hightorque] modem lines before_query: RTS=1 DTR=1 CTS=1 DSR=0 CD=0 RI=0
[ros2_control_node-2] [INFO] [1774777906.654133302] [RealMixedRobotBackend]: [Hightorque] reset_input_buffer=called reset_output_buffer=skipped
[ros2_control_node-2] [INFO] [1774777906.654159263] [RealMixedRobotBackend]: [Hightorque] write flush/drain: tcdrain=called
[ros2_control_node-2] [INFO] [1774777906.728335703] [RealMixedRobotBackend]: [Yiyou] poll summary: poll_loops=17 last_fionread=0 window_expired_reason=window_no_data
[ros2_control_node-2] [INFO] [1774777906.728356214] [RealMixedRobotBackend]: [Yiyou] raw rx reg=enable_0x10 raw_len=0 ascii='' hex=
[ros2_control_node-2] [WARN] [1774777906.728359134] [RealMixedRobotBackend]: [Yiyou] no reply reg=enable_0x10
[ros2_control_node-2] [INFO] [1774777906.728377204] [RealMixedRobotBackend]: [Yiyou] raw tx reg=alarm_0x15 ascii='t00220315\r' hex=74 30 30 32 32 30 33 31 35 0D
[ros2_control_node-2] [INFO] [1774777906.728388075] [RealMixedRobotBackend]: [Yiyou] write flush/drain: tcdrain=called
[ros2_control_node-2] [INFO] [1774777906.737141092] [RealMixedRobotBackend]: [Hightorque] poll summary: poll_loops=17 last_fionread=0 window_expired_reason=window_no_data
[ros2_control_node-2] [INFO] [1774777906.737159662] [RealMixedRobotBackend]: [Hightorque] classify=no_data
[ros2_control_node-2] [INFO] [1774777906.737182543] [RealMixedRobotBackend]: [Hightorque] set RTS/DTR active ok
[ros2_control_node-2] [INFO] [1774777906.737185583] [RealMixedRobotBackend]: [Hightorque] modem lines before_query: RTS=1 DTR=1 CTS=1 DSR=0 CD=0 RI=0
[ros2_control_node-2] [INFO] [1774777906.737190383] [RealMixedRobotBackend]: [Hightorque] reset_input_buffer=called reset_output_buffer=skipped
[ros2_control_node-2] [INFO] [1774777906.737218564] [RealMixedRobotBackend]: [Hightorque] write flush/drain: tcdrain=called
[ros2_control_node-2] [INFO] [1774777906.811303062] [RealMixedRobotBackend]: [Yiyou] poll summary: poll_loops=17 last_fionread=0 window_expired_reason=window_no_data
[ros2_control_node-2] [INFO] [1774777906.811326613] [RealMixedRobotBackend]: [Yiyou] raw rx reg=alarm_0x15 raw_len=0 ascii='' hex=
[ros2_control_node-2] [WARN] [1774777906.811357864] [RealMixedRobotBackend]: [Yiyou] no reply reg=alarm_0x15
[ros2_control_node-2] [INFO] [1774777906.820154802] [RealMixedRobotBackend]: [Hightorque] poll summary: poll_loops=17 last_fionread=0 window_expired_reason=window_no_data
[ros2_control_node-2] [INFO] [1774777906.820168432] [RealMixedRobotBackend]: [Hightorque] classify=no_data
[ros2_control_node-2] [INFO] [1774777906.820184193] [RealMixedRobotBackend]: [Hightorque] set RTS/DTR active ok
[ros2_control_node-2] [INFO] [1774777906.820186213] [RealMixedRobotBackend]: [Hightorque] modem lines before_query: RTS=1 DTR=1 CTS=1 DSR=0 CD=0 RI=0
[ros2_control_node-2] [INFO] [1774777906.820190003] [RealMixedRobotBackend]: [Hightorque] reset_input_buffer=called reset_output_buffer=skipped
[ros2_control_node-2] [INFO] [1774777906.820215554] [RealMixedRobotBackend]: [Hightorque] write flush/drain: tcdrain=called
[ros2_control_node-2] [INFO] [1774777906.831448594] [RealMixedRobotBackend]: [Yiyou] raw tx reg=position_0x07 ascii='t00220307\r' hex=74 30 30 32 32 30 33 30 37 0D
[ros2_control_node-2] [INFO] [1774777906.831474455] [RealMixedRobotBackend]: [Yiyou] write flush/drain: tcdrain=called
[ros2_control_node-2] [INFO] [1774777906.903157332] [RealMixedRobotBackend]: [Hightorque] poll summary: poll_loops=17 last_fionread=0 window_expired_reason=window_no_data
[ros2_control_node-2] [INFO] [1774777906.903176552] [RealMixedRobotBackend]: [Hightorque] classify=no_data
[ros2_control_node-2] [INFO] [1774777906.913254169] [RealMixedRobotBackend]: [Hightorque] set RTS/DTR active ok
[ros2_control_node-2] [INFO] [1774777906.913269489] [RealMixedRobotBackend]: [Hightorque] modem lines before_query: RTS=1 DTR=1 CTS=1 DSR=0 CD=0 RI=0
[ros2_control_node-2] [INFO] [1774777906.913273439] [RealMixedRobotBackend]: [Hightorque] reset_input_buffer=called reset_output_buffer=skipped
[ros2_control_node-2] [INFO] [1774777906.913307810] [RealMixedRobotBackend]: [Hightorque] write flush/drain: tcdrain=called
[ros2_control_node-2] [INFO] [1774777906.914400202] [RealMixedRobotBackend]: [Yiyou] poll summary: poll_loops=17 last_fionread=0 window_expired_reason=window_no_data
[ros2_control_node-2] [INFO] [1774777906.914413873] [RealMixedRobotBackend]: [Yiyou] raw rx reg=position_0x07 raw_len=0 ascii='' hex=
[ros2_control_node-2] [WARN] [1774777906.914417543] [RealMixedRobotBackend]: [Yiyou] no reply reg=position_0x07
[ros2_control_node-2] [INFO] [1774777906.914430853] [RealMixedRobotBackend]: [Yiyou] raw tx reg=velocity_0x06 ascii='t00220306\r' hex=74 30 30 32 32 30 33 30 36 0D
[ros2_control_node-2] [INFO] [1774777906.914446163] [RealMixedRobotBackend]: [Yiyou] write flush/drain: tcdrain=called
[ros2_control_node-2] [INFO] [1774777906.996265998] [RealMixedRobotBackend]: [Hightorque] poll summary: poll_loops=17 last_fionread=0 window_expired_reason=window_no_data
[ros2_control_node-2] [INFO] [1774777906.996285699] [RealMixedRobotBackend]: [Hightorque] classify=no_data
[ros2_control_node-2] [INFO] [1774777906.996306240] [RealMixedRobotBackend]: [Hightorque] set RTS/DTR active ok
[ros2_control_node-2] [INFO] [1774777906.996308200] [RealMixedRobotBackend]: [Hightorque] modem lines before_query: RTS=1 DTR=1 CTS=1 DSR=0 CD=0 RI=0
[ros2_control_node-2] [INFO] [1774777906.996312060] [RealMixedRobotBackend]: [Hightorque] reset_input_buffer=called reset_output_buffer=skipped
[ros2_control_node-2] [INFO] [1774777906.996342691] [RealMixedRobotBackend]: [Hightorque] write flush/drain: tcdrain=called
[ros2_control_node-2] [INFO] [1774777906.997336370] [RealMixedRobotBackend]: [Yiyou] poll summary: poll_loops=17 last_fionread=0 window_expired_reason=window_no_data
[ros2_control_node-2] [INFO] [1774777906.997346860] [RealMixedRobotBackend]: [Yiyou] raw rx reg=velocity_0x06 raw_len=0 ascii='' hex=
[ros2_control_node-2] [WARN] [1774777906.997349340] [RealMixedRobotBackend]: [Yiyou] no reply reg=velocity_0x06
[ros2_control_node-2] [INFO] [1774777906.997358540] [RealMixedRobotBackend]: [Yiyou] raw tx reg=enable_0x10 ascii='t00220310\r' hex=74 30 30 32 32 30 33 31 30 0D
[ros2_control_node-2] [INFO] [1774777906.997366431] [RealMixedRobotBackend]: [Yiyou] write flush/drain: tcdrain=called
[ros2_control_node-2] [INFO] [1774777907.079304938] [RealMixedRobotBackend]: [Hightorque] poll summary: poll_loops=17 last_fionread=0 window_expired_reason=window_no_data
[ros2_control_node-2] [INFO] [1774777907.079323779] [RealMixedRobotBackend]: [Hightorque] classify=no_data
[ros2_control_node-2] [INFO] [1774777907.079346689] [RealMixedRobotBackend]: [Hightorque] set RTS/DTR active ok
[ros2_control_node-2] [INFO] [1774777907.079349269] [RealMixedRobotBackend]: [Hightorque] modem lines before_query: RTS=1 DTR=1 CTS=1 DSR=0 CD=0 RI=0
[ros2_control_node-2] [INFO] [1774777907.079353620] [RealMixedRobotBackend]: [Hightorque] reset_input_buffer=called reset_output_buffer=skipped
[ros2_control_node-2] [INFO] [1774777907.079402401] [RealMixedRobotBackend]: [Hightorque] write flush/drain: tcdrain=called
[ros2_control_node-2] [INFO] [1774777907.080306728] [RealMixedRobotBackend]: [Yiyou] poll summary: poll_loops=17 last_fionread=0 window_expired_reason=window_no_data
[ros2_control_node-2] [INFO] [1774777907.080317938] [RealMixedRobotBackend]: [Yiyou] raw rx reg=enable_0x10 raw_len=0 ascii='' hex=
[ros2_control_node-2] [WARN] [1774777907.080320508] [RealMixedRobotBackend]: [Yiyou] no reply reg=enable_0x10
[ros2_control_node-2] [INFO] [1774777907.080330409] [RealMixedRobotBackend]: [Yiyou] raw tx reg=alarm_0x15 ascii='t00220315\r' hex=74 30 30 32 32 30 33 31 35 0D
[ros2_control_node-2] [INFO] [1774777907.080341949] [RealMixedRobotBackend]: [Yiyou] write flush/drain: tcdrain=called
[ros2_control_node-2] [INFO] [1774777907.162339338] [RealMixedRobotBackend]: [Hightorque] poll summary: poll_loops=17 last_fionread=0 window_expired_reason=window_no_data
[ros2_control_node-2] [INFO] [1774777907.162351719] [RealMixedRobotBackend]: [Hightorque] classify=no_data
[ros2_control_node-2] [INFO] [1774777907.162368499] [RealMixedRobotBackend]: [Hightorque] set RTS/DTR active ok
[ros2_control_node-2] [INFO] [1774777907.162371169] [RealMixedRobotBackend]: [Hightorque] modem lines before_query: RTS=1 DTR=1 CTS=1 DSR=0 CD=0 RI=0
[ros2_control_node-2] [INFO] [1774777907.162375359] [RealMixedRobotBackend]: [Hightorque] reset_input_buffer=called reset_output_buffer=skipped
[ros2_control_node-2] [INFO] [1774777907.162395860] [RealMixedRobotBackend]: [Hightorque] write flush/drain: tcdrain=called
[ros2_control_node-2] [INFO] [1774777907.163230304] [RealMixedRobotBackend]: [Yiyou] poll summary: poll_loops=17 last_fionread=0 window_expired_reason=window_no_data
[ros2_control_node-2] [INFO] [1774777907.163238735] [RealMixedRobotBackend]: [Yiyou] raw rx reg=alarm_0x15 raw_len=0 ascii='' hex=
[ros2_control_node-2] [WARN] [1774777907.163241735] [RealMixedRobotBackend]: [Yiyou] no reply reg=alarm_0x15
[ros2_control_node-2] [INFO] [1774777907.183323994] [RealMixedRobotBackend]: [Yiyou] raw tx reg=position_0x07 ascii='t00220307\r' hex=74 30 30 32 32 30 33 30 37 0D
[ros2_control_node-2] [INFO] [1774777907.183350405] [RealMixedRobotBackend]: [Yiyou] write flush/drain: tcdrain=called
[ros2_control_node-2] [INFO] [1774777907.245337527] [RealMixedRobotBackend]: [Hightorque] poll summary: poll_loops=17 last_fionread=0 window_expired_reason=window_no_data
[ros2_control_node-2] [INFO] [1774777907.245347837] [RealMixedRobotBackend]: [Hightorque] classify=no_data
[ros2_control_node-2] [INFO] [1774777907.245361507] [RealMixedRobotBackend]: [Hightorque] set RTS/DTR active ok
[ros2_control_node-2] [INFO] [1774777907.245363968] [RealMixedRobotBackend]: [Hightorque] modem lines before_query: RTS=1 DTR=1 CTS=1 DSR=0 CD=0 RI=0
[ros2_control_node-2] [INFO] [1774777907.245367158] [RealMixedRobotBackend]: [Hightorque] reset_input_buffer=called reset_output_buffer=skipped
[ros2_control_node-2] [INFO] [1774777907.245386538] [RealMixedRobotBackend]: [Hightorque] write flush/drain: tcdrain=called
[ros2_control_node-2] [INFO] [1774777907.266278682] [RealMixedRobotBackend]: [Yiyou] poll summary: poll_loops=17 last_fionread=0 window_expired_reason=window_no_data
[ros2_control_node-2] [INFO] [1774777907.266288812] [RealMixedRobotBackend]: [Yiyou] raw rx reg=position_0x07 raw_len=0 ascii='' hex=
[ros2_control_node-2] [WARN] [1774777907.266291992] [RealMixedRobotBackend]: [Yiyou] no reply reg=position_0x07
[ros2_control_node-2] [INFO] [1774777907.266301633] [RealMixedRobotBackend]: [Yiyou] raw tx reg=velocity_0x06 ascii='t00220306\r' hex=74 30 30 32 32 30 33 30 36 0D
[ros2_control_node-2] [INFO] [1774777907.266315703] [RealMixedRobotBackend]: [Yiyou] write flush/drain: tcdrain=called
[ros2_control_node-2] [INFO] [1774777907.328344476] [RealMixedRobotBackend]: [Hightorque] poll summary: poll_loops=17 last_fionread=0 window_expired_reason=window_no_data
[ros2_control_node-2] [INFO] [1774777907.328364496] [RealMixedRobotBackend]: [Hightorque] classify=no_data
[ros2_control_node-2] [INFO] [1774777907.338424072] [RealMixedRobotBackend]: [Hightorque] set RTS/DTR active ok
[ros2_control_node-2] [INFO] [1774777907.338435872] [RealMixedRobotBackend]: [Hightorque] modem lines before_query: RTS=1 DTR=1 CTS=1 DSR=0 CD=0 RI=0
[ros2_control_node-2] [INFO] [1774777907.338440082] [RealMixedRobotBackend]: [Hightorque] reset_input_buffer=called reset_output_buffer=skipped
[ros2_control_node-2] [INFO] [1774777907.338471813] [RealMixedRobotBackend]: [Hightorque] write flush/drain: tcdrain=called
[ros2_control_node-2] [INFO] [1774777907.349232509] [RealMixedRobotBackend]: [Yiyou] poll summary: poll_loops=17 last_fionread=0 window_expired_reason=window_no_data
[ros2_control_node-2] [INFO] [1774777907.349247010] [RealMixedRobotBackend]: [Yiyou] raw rx reg=velocity_0x06 raw_len=0 ascii='' hex=
[ros2_control_node-2] [WARN] [1774777907.349264880] [RealMixedRobotBackend]: [Yiyou] no reply reg=velocity_0x06
[ros2_control_node-2] [INFO] [1774777907.349279141] [RealMixedRobotBackend]: [Yiyou] raw tx reg=enable_0x10 ascii='t00220310\r' hex=74 30 30 32 32 30 33 31 30 0D
[ros2_control_node-2] [INFO] [1774777907.349290351] [RealMixedRobotBackend]: [Yiyou] write flush/drain: tcdrain=called
[ros2_control_node-2] [INFO] [1774777907.421346338] [RealMixedRobotBackend]: [Hightorque] poll summary: poll_loops=17 last_fionread=0 window_expired_reason=window_no_data
[ros2_control_node-2] [INFO] [1774777907.421364039] [RealMixedRobotBackend]: [Hightorque] classify=no_data
[ros2_control_node-2] [INFO] [1774777907.421380369] [RealMixedRobotBackend]: [Hightorque] set RTS/DTR active ok
[ros2_control_node-2] [INFO] [1774777907.421382469] [RealMixedRobotBackend]: [Hightorque] modem lines before_query: RTS=1 DTR=1 CTS=1 DSR=0 CD=0 RI=0
[ros2_control_node-2] [INFO] [1774777907.421386149] [RealMixedRobotBackend]: [Hightorque] reset_input_buffer=called reset_output_buffer=skipped
[ros2_control_node-2] [INFO] [1774777907.421410910] [RealMixedRobotBackend]: [Hightorque] write flush/drain: tcdrain=called
[ros2_control_node-2] [INFO] [1774777907.432177906] [RealMixedRobotBackend]: [Yiyou] poll summary: poll_loops=17 last_fionread=0 window_expired_reason=window_no_data
[ros2_control_node-2] [INFO] [1774777907.432190707] [RealMixedRobotBackend]: [Yiyou] raw rx reg=enable_0x10 raw_len=0 ascii='' hex=
[ros2_control_node-2] [WARN] [1774777907.432194487] [RealMixedRobotBackend]: [Yiyou] no reply reg=enable_0x10
[ros2_control_node-2] [INFO] [1774777907.432205837] [RealMixedRobotBackend]: [Yiyou] raw tx reg=alarm_0x15 ascii='t00220315\r' hex=74 30 30 32 32 30 33 31 35 0D
[ros2_control_node-2] [INFO] [1774777907.432220388] [RealMixedRobotBackend]: [Yiyou] write flush/drain: tcdrain=called
[ros2_control_node-2] [INFO] [1774777907.504380438] [RealMixedRobotBackend]: [Hightorque] poll summary: poll_loops=17 last_fionread=0 window_expired_reason=window_no_data
[ros2_control_node-2] [INFO] [1774777907.504397638] [RealMixedRobotBackend]: [Hightorque] classify=no_data
[ros2_control_node-2] [INFO] [1774777907.504415929] [RealMixedRobotBackend]: [Hightorque] set RTS/DTR active ok
[ros2_control_node-2] [INFO] [1774777907.504418669] [RealMixedRobotBackend]: [Hightorque] modem lines before_query: RTS=1 DTR=1 CTS=1 DSR=0 CD=0 RI=0
[ros2_control_node-2] [INFO] [1774777907.504422759] [RealMixedRobotBackend]: [Hightorque] reset_input_buffer=called reset_output_buffer=skipped
[ros2_control_node-2] [INFO] [1774777907.504449920] [RealMixedRobotBackend]: [Hightorque] write flush/drain: tcdrain=called
[ros2_control_node-2] [INFO] [1774777907.515126063] [RealMixedRobotBackend]: [Yiyou] poll summary: poll_loops=17 last_fionread=0 window_expired_reason=window_no_data
[ros2_control_node-2] [INFO] [1774777907.515138724] [RealMixedRobotBackend]: [Yiyou] raw rx reg=alarm_0x15 raw_len=0 ascii='' hex=
[ros2_control_node-2] [WARN] [1774777907.515142264] [RealMixedRobotBackend]: [Yiyou] no reply reg=alarm_0x15
[ros2_control_node-2] [INFO] [1774777907.535227644] [RealMixedRobotBackend]: [Yiyou] raw tx reg=position_0x07 ascii='t00220307\r' hex=74 30 30 32 32 30 33 30 37 0D
[ros2_control_node-2] [INFO] [1774777907.535248635] [RealMixedRobotBackend]: [Yiyou] write flush/drain: tcdrain=called
[ros2_control_node-2] [INFO] [1774777907.587548901] [RealMixedRobotBackend]: [Hightorque] poll summary: poll_loops=17 last_fionread=0 window_expired_reason=window_no_data
[ros2_control_node-2] [INFO] [1774777907.587563582] [RealMixedRobotBackend]: [Hightorque] classify=no_data
[ros2_control_node-2] [INFO] [1774777907.587578622] [RealMixedRobotBackend]: [Hightorque] set RTS/DTR active ok
[ros2_control_node-2] [INFO] [1774777907.587580692] [RealMixedRobotBackend]: [Hightorque] modem lines before_query: RTS=1 DTR=1 CTS=1 DSR=0 CD=0 RI=0
[ros2_control_node-2] [INFO] [1774777907.587584542] [RealMixedRobotBackend]: [Hightorque] reset_input_buffer=called reset_output_buffer=skipped
[ros2_control_node-2] [INFO] [1774777907.587610083] [RealMixedRobotBackend]: [Hightorque] write flush/drain: tcdrain=called
[ros2_control_node-2] [INFO] [1774777907.618109999] [RealMixedRobotBackend]: [Yiyou] poll summary: poll_loops=17 last_fionread=0 window_expired_reason=window_no_data
[ros2_control_node-2] [INFO] [1774777907.618124470] [RealMixedRobotBackend]: [Yiyou] raw rx reg=position_0x07 raw_len=0 ascii='' hex=
[ros2_control_node-2] [WARN] [1774777907.618127250] [RealMixedRobotBackend]: [Yiyou] no reply reg=position_0x07
[ros2_control_node-2] [INFO] [1774777907.618141210] [RealMixedRobotBackend]: [Yiyou] raw tx reg=velocity_0x06 ascii='t00220306\r' hex=74 30 30 32 32 30 33 30 36 0D
[ros2_control_node-2] [INFO] [1774777907.618154151] [RealMixedRobotBackend]: [Yiyou] write flush/drain: tcdrain=called
[ros2_control_node-2] [INFO] [1774777907.670545980] [RealMixedRobotBackend]: [Hightorque] poll summary: poll_loops=17 last_fionread=0 window_expired_reason=window_no_data
[ros2_control_node-2] [INFO] [1774777907.670561070] [RealMixedRobotBackend]: [Hightorque] classify=no_data
[ros2_control_node-2] [INFO] [1774777907.670576501] [RealMixedRobotBackend]: [Hightorque] set RTS/DTR active ok
[ros2_control_node-2] [INFO] [1774777907.670578861] [RealMixedRobotBackend]: [Hightorque] modem lines before_query: RTS=1 DTR=1 CTS=1 DSR=0 CD=0 RI=0
[ros2_control_node-2] [INFO] [1774777907.670583191] [RealMixedRobotBackend]: [Hightorque] reset_input_buffer=called reset_output_buffer=skipped
[ros2_control_node-2] [INFO] [1774777907.670609632] [RealMixedRobotBackend]: [Hightorque] write flush/drain: tcdrain=called
[ros2_control_node-2] [INFO] [1774777907.701018635] [RealMixedRobotBackend]: [Yiyou] poll summary: poll_loops=17 last_fionread=0 window_expired_reason=window_no_data
[ros2_control_node-2] [INFO] [1774777907.701033996] [RealMixedRobotBackend]: [Yiyou] raw rx reg=velocity_0x06 raw_len=0 ascii='' hex=
[ros2_control_node-2] [WARN] [1774777907.701036646] [RealMixedRobotBackend]: [Yiyou] no reply reg=velocity_0x06
[ros2_control_node-2] [INFO] [1774777907.701050256] [RealMixedRobotBackend]: [Yiyou] raw tx reg=enable_0x10 ascii='t00220310\r' hex=74 30 30 32 32 30 33 31 30 0D
[ros2_control_node-2] [INFO] [1774777907.701061847] [RealMixedRobotBackend]: [Yiyou] write flush/drain: tcdrain=called
[ros2_control_node-2] [INFO] [1774777907.753548999] [RealMixedRobotBackend]: [Hightorque] poll summary: poll_loops=17 last_fionread=0 window_expired_reason=window_no_data
[ros2_control_node-2] [INFO] [1774777907.753568010] [RealMixedRobotBackend]: [Hightorque] classify=no_data
[ros2_control_node-2] [INFO] [1774777907.763643656] [RealMixedRobotBackend]: [Hightorque] set RTS/DTR active ok
[ros2_control_node-2] [INFO] [1774777907.763655406] [RealMixedRobotBackend]: [Hightorque] modem lines before_query: RTS=1 DTR=1 CTS=1 DSR=0 CD=0 RI=0
[ros2_control_node-2] [INFO] [1774777907.763660286] [RealMixedRobotBackend]: [Hightorque] reset_input_buffer=called reset_output_buffer=skipped
[ros2_control_node-2] [INFO] [1774777907.763695217] [RealMixedRobotBackend]: [Hightorque] write flush/drain: tcdrain=called
[ros2_control_node-2] [INFO] [1774777907.783965743] [RealMixedRobotBackend]: [Yiyou] poll summary: poll_loops=17 last_fionread=0 window_expired_reason=window_no_data
[ros2_control_node-2] [INFO] [1774777907.783978483] [RealMixedRobotBackend]: [Yiyou] raw rx reg=enable_0x10 raw_len=0 ascii='' hex=
[ros2_control_node-2] [WARN] [1774777907.783981523] [RealMixedRobotBackend]: [Yiyou] no reply reg=enable_0x10
[ros2_control_node-2] [INFO] [1774777907.783994843] [RealMixedRobotBackend]: [Yiyou] raw tx reg=alarm_0x15 ascii='t00220315\r' hex=74 30 30 32 32 30 33 31 35 0D
[ros2_control_node-2] [INFO] [1774777907.784009024] [RealMixedRobotBackend]: [Yiyou] write flush/drain: tcdrain=called
[ros2_control_node-2] [INFO] [1774777907.846599143] [RealMixedRobotBackend]: [Hightorque] poll summary: poll_loops=17 last_fionread=0 window_expired_reason=window_no_data
[ros2_control_node-2] [INFO] [1774777907.846614223] [RealMixedRobotBackend]: [Hightorque] classify=no_data
[ros2_control_node-2] [INFO] [1774777907.846630374] [RealMixedRobotBackend]: [Hightorque] set RTS/DTR active ok
[ros2_control_node-2] [INFO] [1774777907.846632834] [RealMixedRobotBackend]: [Hightorque] modem lines before_query: RTS=1 DTR=1 CTS=1 DSR=0 CD=0 RI=0
[ros2_control_node-2] [INFO] [1774777907.846636264] [RealMixedRobotBackend]: [Hightorque] reset_input_buffer=called reset_output_buffer=skipped
[ros2_control_node-2] [INFO] [1774777907.846659535] [RealMixedRobotBackend]: [Hightorque] write flush/drain: tcdrain=called
[ros2_control_node-2] [INFO] [1774777907.866915210] [RealMixedRobotBackend]: [Yiyou] poll summary: poll_loops=17 last_fionread=0 window_expired_reason=window_no_data
[ros2_control_node-2] [INFO] [1774777907.866931040] [RealMixedRobotBackend]: [Yiyou] raw rx reg=alarm_0x15 raw_len=0 ascii='' hex=
[ros2_control_node-2] [WARN] [1774777907.866933760] [RealMixedRobotBackend]: [Yiyou] no reply reg=alarm_0x15
[ros2_control_node-2] [INFO] [1774777907.887022201] [RealMixedRobotBackend]: [Yiyou] raw tx reg=position_0x07 ascii='t00220307\r' hex=74 30 30 32 32 30 33 30 37 0D
[ros2_control_node-2] [INFO] [1774777907.887047371] [RealMixedRobotBackend]: [Yiyou] write flush/drain: tcdrain=called
[ros2_control_node-2] [INFO] [1774777907.929602472] [RealMixedRobotBackend]: [Hightorque] poll summary: poll_loops=17 last_fionread=0 window_expired_reason=window_no_data
[ros2_control_node-2] [INFO] [1774777907.929619162] [RealMixedRobotBackend]: [Hightorque] classify=no_data
[ros2_control_node-2] [INFO] [1774777907.929635873] [RealMixedRobotBackend]: [Hightorque] set RTS/DTR active ok
[ros2_control_node-2] [INFO] [1774777907.929659753] [RealMixedRobotBackend]: [Hightorque] modem lines before_query: RTS=1 DTR=1 CTS=1 DSR=0 CD=0 RI=0
[ros2_control_node-2] [INFO] [1774777907.929664023] [RealMixedRobotBackend]: [Hightorque] reset_input_buffer=called reset_output_buffer=skipped
[ros2_control_node-2] [INFO] [1774777907.929689024] [RealMixedRobotBackend]: [Hightorque] write flush/drain: tcdrain=called
[ros2_control_node-2] [INFO] [1774777907.969967838] [RealMixedRobotBackend]: [Yiyou] poll summary: poll_loops=17 last_fionread=0 window_expired_reason=window_no_data
[ros2_control_node-2] [INFO] [1774777907.969983438] [RealMixedRobotBackend]: [Yiyou] raw rx reg=position_0x07 raw_len=0 ascii='' hex=
[ros2_control_node-2] [WARN] [1774777907.969986628] [RealMixedRobotBackend]: [Yiyou] no reply reg=position_0x07
[ros2_control_node-2] [INFO] [1774777907.970002039] [RealMixedRobotBackend]: [Yiyou] raw tx reg=velocity_0x06 ascii='t00220306\r' hex=74 30 30 32 32 30 33 30 36 0D
[ros2_control_node-2] [INFO] [1774777907.970016449] [RealMixedRobotBackend]: [Yiyou] write flush/drain: tcdrain=called
[ros2_control_node-2] [INFO] [1774777908.012664232] [RealMixedRobotBackend]: [Hightorque] poll summary: poll_loops=17 last_fionread=0 window_expired_reason=window_no_data
[ros2_control_node-2] [INFO] [1774777908.012678622] [RealMixedRobotBackend]: [Hightorque] classify=no_data
[ros2_control_node-2] [INFO] [1774777908.012694943] [RealMixedRobotBackend]: [Hightorque] set RTS/DTR active ok
[ros2_control_node-2] [INFO] [1774777908.012696993] [RealMixedRobotBackend]: [Hightorque] modem lines before_query: RTS=1 DTR=1 CTS=1 DSR=0 CD=0 RI=0
[ros2_control_node-2] [INFO] [1774777908.012700393] [RealMixedRobotBackend]: [Hightorque] reset_input_buffer=called reset_output_buffer=skipped
[ros2_control_node-2] [INFO] [1774777908.012728724] [RealMixedRobotBackend]: [Hightorque] write flush/drain: tcdrain=called
[rviz2-9] [INFO] [1774777908.038691586] [moveit_3414343551.moveit.ros.planning_scene_monitor]: Stopping planning scene monitor
[ros2_control_node-2] [INFO] [1774777908.052929775] [RealMixedRobotBackend]: [Yiyou] poll summary: poll_loops=17 last_fionread=0 window_expired_reason=window_no_data
[ros2_control_node-2] [INFO] [1774777908.052952845] [RealMixedRobotBackend]: [Yiyou] raw rx reg=velocity_0x06 raw_len=0 ascii='' hex=
[ros2_control_node-2] [WARN] [1774777908.052956875] [RealMixedRobotBackend]: [Yiyou] no reply reg=velocity_0x06
[ros2_control_node-2] [INFO] [1774777908.052981186] [RealMixedRobotBackend]: [Yiyou] raw tx reg=enable_0x10 ascii='t00220310\r' hex=74 30 30 32 32 30 33 31 30 0D
[ros2_control_node-2] [INFO] [1774777908.053001957] [RealMixedRobotBackend]: [Yiyou] write flush/drain: tcdrain=called
[ros2_control_node-2] [INFO] [1774777908.095705771] [RealMixedRobotBackend]: [Hightorque] poll summary: poll_loops=17 last_fionread=0 window_expired_reason=window_no_data
[ros2_control_node-2] [INFO] [1774777908.095724411] [RealMixedRobotBackend]: [Hightorque] classify=no_data
[ros2_control_node-2] [INFO] [1774777908.095746462] [RealMixedRobotBackend]: [Hightorque] set RTS/DTR active ok
[ros2_control_node-2] [INFO] [1774777908.095748882] [RealMixedRobotBackend]: [Hightorque] modem lines before_query: RTS=1 DTR=1 CTS=1 DSR=0 CD=0 RI=0
[ros2_control_node-2] [INFO] [1774777908.095753202] [RealMixedRobotBackend]: [Hightorque] reset_input_buffer=called reset_output_buffer=skipped
[ros2_control_node-2] [INFO] [1774777908.095788233] [RealMixedRobotBackend]: [Hightorque] write flush/drain: tcdrain=called
[ros2_control_node-2] [INFO] [1774777908.135966914] [RealMixedRobotBackend]: [Yiyou] poll summary: poll_loops=17 last_fionread=0 window_expired_reason=window_no_data
[ros2_control_node-2] [INFO] [1774777908.135986134] [RealMixedRobotBackend]: [Yiyou] raw rx reg=enable_0x10 raw_len=0 ascii='' hex=
[ros2_control_node-2] [WARN] [1774777908.135989464] [RealMixedRobotBackend]: [Yiyou] no reply reg=enable_0x10
[ros2_control_node-2] [INFO] [1774777908.136010025] [RealMixedRobotBackend]: [Yiyou] raw tx reg=alarm_0x15 ascii='t00220315\r' hex=74 30 30 32 32 30 33 31 35 0D
[ros2_control_node-2] [INFO] [1774777908.136027675] [RealMixedRobotBackend]: [Yiyou] write flush/drain: tcdrain=called
[ros2_control_node-2] [INFO] [1774777908.150462589] [RealMixedRobotBackend]: read_all_joint_states: cycle=1400 completed for 6 joints (cache snapshot only; no serial IO in read path)
[ros2_control_node-2] [INFO] [1774777908.150478260] [RobotArmHardwareSystem]: read: cycle=1400 updated joint state buffer for 6 joints
[ros2_control_node-2] [INFO] [1774777908.178708779] [RealMixedRobotBackend]: [Hightorque] poll summary: poll_loops=17 last_fionread=0 window_expired_reason=window_no_data
[ros2_control_node-2] [INFO] [1774777908.178726649] [RealMixedRobotBackend]: [Hightorque] classify=no_data
[INFO] [rviz2-9]: process has finished cleanly [pid 34848]
[ros2_control_node-2] [INFO] [1774777908.188814286] [RealMixedRobotBackend]: [Hightorque] set RTS/DTR active ok
[ros2_control_node-2] [INFO] [1774777908.188842726] [RealMixedRobotBackend]: [Hightorque] modem lines before_query: RTS=1 DTR=1 CTS=1 DSR=0 CD=0 RI=0
[ros2_control_node-2] [INFO] [1774777908.188846717] [RealMixedRobotBackend]: [Hightorque] reset_input_buffer=called reset_output_buffer=skipped
[ros2_control_node-2] [INFO] [1774777908.188879718] [RealMixedRobotBackend]: [Hightorque] write flush/drain: tcdrain=called
[ros2_control_node-2] [INFO] [1774777908.202426165] [RealMixedRobotBackend]: hightorque_tx_loop: cycle=700 jobs=0 total_us=0
[ros2_control_node-2] [INFO] [1774777908.218988432] [RealMixedRobotBackend]: [Yiyou] poll summary: poll_loops=17 last_fionread=0 window_expired_reason=window_no_data
[ros2_control_node-2] [INFO] [1774777908.219007502] [RealMixedRobotBackend]: [Yiyou] raw rx reg=alarm_0x15 raw_len=0 ascii='' hex=
[ros2_control_node-2] [WARN] [1774777908.219010542] [RealMixedRobotBackend]: [Yiyou] no reply reg=alarm_0x15
[ros2_control_node-2] [INFO] [1774777908.239114893] [RealMixedRobotBackend]: [Yiyou] raw tx reg=position_0x07 ascii='t00220307\r' hex=74 30 30 32 32 30 33 30 37 0D
[ros2_control_node-2] [INFO] [1774777908.239144894] [RealMixedRobotBackend]: [Yiyou] write flush/drain: tcdrain=called
[ros2_control_node-2] [INFO] [1774777908.271864355] [RealMixedRobotBackend]: [Hightorque] poll summary: poll_loops=17 last_fionread=0 window_expired_reason=window_no_data
[ros2_control_node-2] [INFO] [1774777908.271880785] [RealMixedRobotBackend]: [Hightorque] classify=no_data
[ros2_control_node-2] [INFO] [1774777908.271898336] [RealMixedRobotBackend]: [Hightorque] set RTS/DTR active ok
[ros2_control_node-2] [INFO] [1774777908.271900386] [RealMixedRobotBackend]: [Hightorque] modem lines before_query: RTS=1 DTR=1 CTS=1 DSR=0 CD=0 RI=0
[ros2_control_node-2] [INFO] [1774777908.271903946] [RealMixedRobotBackend]: [Hightorque] reset_input_buffer=called reset_output_buffer=skipped
[ros2_control_node-2] [INFO] [1774777908.271930287] [RealMixedRobotBackend]: [Hightorque] write flush/drain: tcdrain=called
[ros2_control_node-2] [INFO] [1774777908.322057439] [RealMixedRobotBackend]: [Yiyou] poll summary: poll_loops=17 last_fionread=0 window_expired_reason=window_no_data
[ros2_control_node-2] [INFO] [1774777908.322075779] [RealMixedRobotBackend]: [Yiyou] raw rx reg=position_0x07 raw_len=0 ascii='' hex=
[ros2_control_node-2] [WARN] [1774777908.322078959] [RealMixedRobotBackend]: [Yiyou] no reply reg=position_0x07
[ros2_control_node-2] [INFO] [1774777908.322099190] [RealMixedRobotBackend]: [Yiyou] raw tx reg=velocity_0x06 ascii='t00220306\r' hex=74 30 30 32 32 30 33 30 36 0D
[ros2_control_node-2] [INFO] [1774777908.322111230] [RealMixedRobotBackend]: [Yiyou] write flush/drain: tcdrain=called
[ros2_control_node-2] [INFO] [1774777908.354874703] [RealMixedRobotBackend]: [Hightorque] poll summary: poll_loops=17 last_fionread=0 window_expired_reason=window_no_data
[ros2_control_node-2] [INFO] [1774777908.354890183] [RealMixedRobotBackend]: [Hightorque] classify=no_data
[ros2_control_node-2] [INFO] [1774777908.354907614] [RealMixedRobotBackend]: [Hightorque] set RTS/DTR active ok
[ros2_control_node-2] [INFO] [1774777908.354909864] [RealMixedRobotBackend]: [Hightorque] modem lines before_query: RTS=1 DTR=1 CTS=1 DSR=0 CD=0 RI=0
[ros2_control_node-2] [INFO] [1774777908.354913444] [RealMixedRobotBackend]: [Hightorque] reset_input_buffer=called reset_output_buffer=skipped
[ros2_control_node-2] [INFO] [1774777908.354937215] [RealMixedRobotBackend]: [Hightorque] write flush/drain: tcdrain=called
[ros2_control_node-2] [INFO] [1774777908.405157629] [RealMixedRobotBackend]: [Yiyou] poll summary: poll_loops=17 last_fionread=0 window_expired_reason=window_no_data
[ros2_control_node-2] [INFO] [1774777908.405177080] [RealMixedRobotBackend]: [Yiyou] raw rx reg=velocity_0x06 raw_len=0 ascii='' hex=
[ros2_control_node-2] [WARN] [1774777908.405179670] [RealMixedRobotBackend]: [Yiyou] no reply reg=velocity_0x06
[ros2_control_node-2] [INFO] [1774777908.405197981] [RealMixedRobotBackend]: [Yiyou] raw tx reg=enable_0x10 ascii='t00220310\r' hex=74 30 30 32 32 30 33 31 30 0D
[ros2_control_node-2] [INFO] [1774777908.405215271] [RealMixedRobotBackend]: [Yiyou] write flush/drain: tcdrain=called
[ros2_control_node-2] [INFO] [1774777908.437821139] [RealMixedRobotBackend]: [Hightorque] poll summary: poll_loops=17 last_fionread=0 window_expired_reason=window_no_data
[ros2_control_node-2] [INFO] [1774777908.437839949] [RealMixedRobotBackend]: [Hightorque] classify=no_data
[ros2_control_node-2] [INFO] [1774777908.437859980] [RealMixedRobotBackend]: [Hightorque] set RTS/DTR active ok
[ros2_control_node-2] [INFO] [1774777908.437862460] [RealMixedRobotBackend]: [Hightorque] modem lines before_query: RTS=1 DTR=1 CTS=1 DSR=0 CD=0 RI=0
[ros2_control_node-2] [INFO] [1774777908.437867170] [RealMixedRobotBackend]: [Hightorque] reset_input_buffer=called reset_output_buffer=skipped
[ros2_control_node-2] [INFO] [1774777908.437923862] [RealMixedRobotBackend]: [Hightorque] write flush/drain: tcdrain=called
[ros2_control_node-2] [INFO] [1774777908.488147207] [RealMixedRobotBackend]: [Yiyou] poll summary: poll_loops=17 last_fionread=0 window_expired_reason=window_no_data
[ros2_control_node-2] [INFO] [1774777908.488168168] [RealMixedRobotBackend]: [Yiyou] raw rx reg=enable_0x10 raw_len=0 ascii='' hex=
[ros2_control_node-2] [WARN] [1774777908.488171348] [RealMixedRobotBackend]: [Yiyou] no reply reg=enable_0x10
[ros2_control_node-2] [INFO] [1774777908.488190718] [RealMixedRobotBackend]: [Yiyou] raw tx reg=alarm_0x15 ascii='t00220315\r' hex=74 30 30 32 32 30 33 31 35 0D
[ros2_control_node-2] [INFO] [1774777908.488207649] [RealMixedRobotBackend]: [Yiyou] write flush/drain: tcdrain=called
[ros2_control_node-2] [INFO] [1774777908.520867468] [RealMixedRobotBackend]: [Hightorque] poll summary: poll_loops=17 last_fionread=0 window_expired_reason=window_no_data
[ros2_control_node-2] [INFO] [1774777908.520888989] [RealMixedRobotBackend]: [Hightorque] classify=no_data
[ros2_control_node-2] [INFO] [1774777908.520909949] [RealMixedRobotBackend]: [Hightorque] set RTS/DTR active ok
[ros2_control_node-2] [INFO] [1774777908.520912429] [RealMixedRobotBackend]: [Hightorque] modem lines before_query: RTS=1 DTR=1 CTS=1 DSR=0 CD=0 RI=0
[ros2_control_node-2] [INFO] [1774777908.520917049] [RealMixedRobotBackend]: [Hightorque] reset_input_buffer=called reset_output_buffer=skipped
[ros2_control_node-2] [INFO] [1774777908.520951091] [RealMixedRobotBackend]: [Hightorque] write flush/drain: tcdrain=called
[ros2_control_node-2] [INFO] [1774777908.571137324] [RealMixedRobotBackend]: [Yiyou] poll summary: poll_loops=17 last_fionread=0 window_expired_reason=window_no_data
[ros2_control_node-2] [INFO] [1774777908.571158245] [RealMixedRobotBackend]: [Yiyou] raw rx reg=alarm_0x15 raw_len=0 ascii='' hex=
[ros2_control_node-2] [WARN] [1774777908.571161155] [RealMixedRobotBackend]: [Yiyou] no reply reg=alarm_0x15
[ros2_control_node-2] [INFO] [1774777908.591254225] [RealMixedRobotBackend]: [Yiyou] raw tx reg=position_0x07 ascii='t00220307\r' hex=74 30 30 32 32 30 33 30 37 0D
[ros2_control_node-2] [INFO] [1774777908.591281636] [RealMixedRobotBackend]: [Yiyou] write flush/drain: tcdrain=called
[ros2_control_node-2] [INFO] [1774777908.603916807] [RealMixedRobotBackend]: [Hightorque] poll summary: poll_loops=17 last_fionread=0 window_expired_reason=window_no_data
[ros2_control_node-2] [INFO] [1774777908.603931318] [RealMixedRobotBackend]: [Hightorque] classify=no_data
[ros2_control_node-2] [INFO] [1774777908.614004463] [RealMixedRobotBackend]: [Hightorque] set RTS/DTR active ok
[ros2_control_node-2] [INFO] [1774777908.614013254] [RealMixedRobotBackend]: [Hightorque] modem lines before_query: RTS=1 DTR=1 CTS=1 DSR=0 CD=0 RI=0
[ros2_control_node-2] [INFO] [1774777908.614018314] [RealMixedRobotBackend]: [Hightorque] reset_input_buffer=called reset_output_buffer=skipped
[ros2_control_node-2] [INFO] [1774777908.614051185] [RealMixedRobotBackend]: [Hightorque] write flush/drain: tcdrain=called
[ros2_control_node-2] [INFO] [1774777908.674254863] [RealMixedRobotBackend]: [Yiyou] poll summary: poll_loops=17 last_fionread=0 window_expired_reason=window_no_data
[ros2_control_node-2] [INFO] [1774777908.674273394] [RealMixedRobotBackend]: [Yiyou] raw rx reg=position_0x07 raw_len=0 ascii='' hex=
[ros2_control_node-2] [WARN] [1774777908.674276734] [RealMixedRobotBackend]: [Yiyou] no reply reg=position_0x07
[ros2_control_node-2] [INFO] [1774777908.674295644] [RealMixedRobotBackend]: [Yiyou] raw tx reg=velocity_0x06 ascii='t00220306\r' hex=74 30 30 32 32 30 33 30 36 0D
[ros2_control_node-2] [INFO] [1774777908.674313265] [RealMixedRobotBackend]: [Yiyou] write flush/drain: tcdrain=called
[ros2_control_node-2] [INFO] [1774777908.697029332] [RealMixedRobotBackend]: [Hightorque] poll summary: poll_loops=17 last_fionread=0 window_expired_reason=window_no_data
[ros2_control_node-2] [INFO] [1774777908.697044492] [RealMixedRobotBackend]: [Hightorque] classify=no_data
[ros2_control_node-2] [INFO] [1774777908.697065773] [RealMixedRobotBackend]: [Hightorque] set RTS/DTR active ok
[ros2_control_node-2] [INFO] [1774777908.697069633] [RealMixedRobotBackend]: [Hightorque] modem lines before_query: RTS=1 DTR=1 CTS=1 DSR=0 CD=0 RI=0
[ros2_control_node-2] [INFO] [1774777908.697075163] [RealMixedRobotBackend]: [Hightorque] reset_input_buffer=called reset_output_buffer=skipped
[ros2_control_node-2] [INFO] [1774777908.697102664] [RealMixedRobotBackend]: [Hightorque] write flush/drain: tcdrain=called
[ros2_control_node-2] [INFO] [1774777908.757261461] [RealMixedRobotBackend]: [Yiyou] poll summary: poll_loops=17 last_fionread=0 window_expired_reason=window_no_data
[ros2_control_node-2] [INFO] [1774777908.757280021] [RealMixedRobotBackend]: [Yiyou] raw rx reg=velocity_0x06 raw_len=0 ascii='' hex=
[ros2_control_node-2] [WARN] [1774777908.757282891] [RealMixedRobotBackend]: [Yiyou] no reply reg=velocity_0x06
[ros2_control_node-2] [INFO] [1774777908.757302702] [RealMixedRobotBackend]: [Yiyou] raw tx reg=enable_0x10 ascii='t00220310\r' hex=74 30 30 32 32 30 33 31 30 0D
[ros2_control_node-2] [INFO] [1774777908.757318883] [RealMixedRobotBackend]: [Yiyou] write flush/drain: tcdrain=called
[ros2_control_node-2] [INFO] [1774777908.780034170] [RealMixedRobotBackend]: [Hightorque] poll summary: poll_loops=17 last_fionread=0 window_expired_reason=window_no_data
[ros2_control_node-2] [INFO] [1774777908.780055600] [RealMixedRobotBackend]: [Hightorque] classify=no_data
[ros2_control_node-2] [INFO] [1774777908.780080051] [RealMixedRobotBackend]: [Hightorque] set RTS/DTR active ok
[ros2_control_node-2] [INFO] [1774777908.780083561] [RealMixedRobotBackend]: [Hightorque] modem lines before_query: RTS=1 DTR=1 CTS=1 DSR=0 CD=0 RI=0
[ros2_control_node-2] [INFO] [1774777908.780089161] [RealMixedRobotBackend]: [Hightorque] reset_input_buffer=called reset_output_buffer=skipped
[ros2_control_node-2] [INFO] [1774777908.780122742] [RealMixedRobotBackend]: [Hightorque] write flush/drain: tcdrain=called
[ros2_control_node-2] [INFO] [1774777908.840261819] [RealMixedRobotBackend]: [Yiyou] poll summary: poll_loops=17 last_fionread=0 window_expired_reason=window_no_data
[ros2_control_node-2] [INFO] [1774777908.840278929] [RealMixedRobotBackend]: [Yiyou] raw rx reg=enable_0x10 raw_len=0 ascii='' hex=
[ros2_control_node-2] [WARN] [1774777908.840282369] [RealMixedRobotBackend]: [Yiyou] no reply reg=enable_0x10
[ros2_control_node-2] [INFO] [1774777908.840298820] [RealMixedRobotBackend]: [Yiyou] raw tx reg=alarm_0x15 ascii='t00220315\r' hex=74 30 30 32 32 30 33 31 35 0D
[ros2_control_node-2] [INFO] [1774777908.840316910] [RealMixedRobotBackend]: [Yiyou] write flush/drain: tcdrain=called
[ros2_control_node-2] [INFO] [1774777908.863081889] [RealMixedRobotBackend]: [Hightorque] poll summary: poll_loops=17 last_fionread=0 window_expired_reason=window_no_data
[ros2_control_node-2] [INFO] [1774777908.863096189] [RealMixedRobotBackend]: [Hightorque] classify=no_data
[ros2_control_node-2] [INFO] [1774777908.863115460] [RealMixedRobotBackend]: [Hightorque] set RTS/DTR active ok
[ros2_control_node-2] [INFO] [1774777908.863118290] [RealMixedRobotBackend]: [Hightorque] modem lines before_query: RTS=1 DTR=1 CTS=1 DSR=0 CD=0 RI=0
[ros2_control_node-2] [INFO] [1774777908.863122710] [RealMixedRobotBackend]: [Hightorque] reset_input_buffer=called reset_output_buffer=skipped
[ros2_control_node-2] [INFO] [1774777908.863151371] [RealMixedRobotBackend]: [Hightorque] write flush/drain: tcdrain=called
[ros2_control_node-2] [INFO] [1774777908.923238785] [RealMixedRobotBackend]: [Yiyou] poll summary: poll_loops=17 last_fionread=0 window_expired_reason=window_no_data
[ros2_control_node-2] [INFO] [1774777908.923260656] [RealMixedRobotBackend]: [Yiyou] raw rx reg=alarm_0x15 raw_len=0 ascii='' hex=
[ros2_control_node-2] [WARN] [1774777908.923263196] [RealMixedRobotBackend]: [Yiyou] no reply reg=alarm_0x15
[ros2_control_node-2] [INFO] [1774777908.943365397] [RealMixedRobotBackend]: [Yiyou] raw tx reg=position_0x07 ascii='t00220307\r' hex=74 30 30 32 32 30 33 30 37 0D
[ros2_control_node-2] [INFO] [1774777908.943394677] [RealMixedRobotBackend]: [Yiyou] write flush/drain: tcdrain=called
[ros2_control_node-2] [INFO] [1774777908.946100087] [RealMixedRobotBackend]: [Hightorque] poll summary: poll_loops=17 last_fionread=0 window_expired_reason=window_no_data
[ros2_control_node-2] [INFO] [1774777908.946114217] [RealMixedRobotBackend]: [Hightorque] classify=no_data
[ros2_control_node-2] [INFO] [1774777908.946130178] [RealMixedRobotBackend]: [Hightorque] set RTS/DTR active ok
[ros2_control_node-2] [INFO] [1774777908.946133698] [RealMixedRobotBackend]: [Hightorque] modem lines before_query: RTS=1 DTR=1 CTS=1 DSR=0 CD=0 RI=0
[ros2_control_node-2] [INFO] [1774777908.946137718] [RealMixedRobotBackend]: [Hightorque] reset_input_buffer=called reset_output_buffer=skipped
[ros2_control_node-2] [INFO] [1774777908.946158839] [RealMixedRobotBackend]: [Hightorque] write flush/drain: tcdrain=called
